kode,nama_bahan_makanan,energi_kal,protein_g,lemak_g,karbohidrat_g,serat_g,kalsium_mg,besi_mg,natrium_mg
GP053,Abon haruwan,513,23.7,37,21.3,0,25,0.5,61
GP054,Abon ikan,435,27.2,20.2,36.1,0,0,0,0
DR001,Akar tonjong segar,45,1.1,0.4,10.8,1.2,72,1.3,96
DR002,Aletoge segar,37,4.4,0.5,3.8,1.7,50,2,2
ER001,Alpukat segar,85,0.9,6.5,7.7,0,10,0.9,2
AP026,Amparan tatak,191,1.3,5.5,34,0,0,0,0
CP015,Ampas kacang hijau,96,3.7,0.6,19.1,2.7,133,1.3,0
CP017,Ampas tahu kukus,75,4.1,2.1,10.7,5.1,203,1.3,0
CP018,Ampas tahu kering,414,26.6,18.3,41.3,0,19,4,45
CP016,Ampas tahu mentah,67,5,2.1,8.1,4.1,460,1,8
FR001,Anak sapi daging gemuk segar,184,18.8,14,0,0,10,2.2,118
FR002,Anak sapi daging kurus segar,174,19.6,10,0,0,11,2.9,96
FR003,Anak sapi daging sedang segar,190,19.1,12,0,0,11,2.9,99
DR003,Andaliman segar,99,4.6,1,18,8.5,383,2.9,0
DR004,Andewi segar,226,1.6,0.2,5.3,4.1,33,1,29
ER002,Anggur hutan segar,30,0.5,0.2,6.8,1.2,39,1.1,0
FR004,Angsa daging segar,349,16.4,31.5,0,0,15,1.8,71
DP023,Anyang sayur,126,3.4,7.9,10.3,5.4,180,2.9,290
AP027,Apang kukus kue,202,3,0.3,46.7,0,0,0,0
ER003,Apel malang segar,57,0.5,0.4,12.8,0.8,9,0.6,4
ER004,Apel segar,58,0.3,0.4,14.9,2.6,6,0.3,2
AP028,Apem kue,148,2,0.5,33.9,0,0,0,0
ER005,Arbai segar,37,0.8,0.5,8.3,0,28,0.8,2
DP024,Ares sayur,113,0.9,7.2,11.2,4.7,63,1.5,1.41
BR001,Arrowroot segar,102,1,0.2,24.1,1.7,28,1.7,36
DP025,Arwan sirsir,277,2.4,25,10.7,4.6,120,2.4,240
NR001,Asam arang coklat segar,130,0.5,1.1,30.9,1.5,79,4.3,13
NR002,Asam arang merah segar,99,0.8,1.6,20.3,2.8,69,4.6,2
NR003,Asam kandis kering,261,0.9,1.6,63.3,5,192,4.4,26
NR004,Asam kandis segar,75,0.2,1.1,16.1,3.4,63,2.5,7
NR005,Asam masak pohon segar,267,2.8,0.6,62.5,1.2,74,0.6,9
NR006,Asam payak segar,135,0.8,0.4,32.1,10,60,5.7,0.2
DP022,Asinan Bogor sayuran,98,3.9,2.6,14.8,0.5,314,1.2,483
FP021,Ayam goreng church texas dada,338,35.2,20.6,0.4,0,79,5.6,800
FP023,Ayam goreng church texas sayap,295,34,16,1.5,0,81,3,771
FP022,Ayam goreng churchtexas paha,287,31,15.7,1.7,0,99,4.1,723
FP024,Ayam goreng kalasan paha,275,37.4,12.2,1.3,0,116,5.8,176
FP025,Ayam goreng kentucky dada,298,34.2,16.8,0.1,0,90,5.5,741
FP026,Ayam goreng Kentucky paha,286,32.1,16.1,1.1,0,89,6.9,746
FP027,Ayam goreng Kentuckysayap,297,35.9,15.2,1.6,0,103,4.4,807
FP028,Ayam goreng mbok berek dada,295,39.2,13.6,1,0,114,5.4,0
FP029,Ayam goreng pasundan dada,246,37.9,9,0.7,0,90,7.5,0
FP030,Ayam goreng pasundan paha,245,33.1,11.4,0.3,0,90,7.3,0
FP031,Ayam goreng pioneer dada,295,37.4,14.7,0.6,0,108,6.8,0
FP032,Ayam goreng sukabumi dada,244,36.7,9.2,1,0,81,6.1,0
FP033,Ayam goreng sukabumi paha,283,35.7,14.3,0.5,0,68,5.4,0
FP034,Ayam taliwang masakan,264,18.2,20.1,2.7,0,94,2,507
FP001,Ayam ampela goreng,270,32.3,11.2,9.9,0,129,4.9,980
FR005,Ayam daging segar,298,18.2,25,0,0,14,1.5,109
FR006,Ayam dideh darah segar,75,13.8,1.9,0.7,0,15,1.3,337
FR007,Ayam hati segar,261,27.4,16.1,1.6,0,118,15.8,1.07
FP002,Ayam usus goreng,473,45.2,26.3,13.9,0,1.41,8.4,0
FP035,Babi hutan masak rica masakan,491,24.6,16.3,0.2,0,18,1.2,1.42
FR008,Babi daging gemuksegar,453,11.9,45,0,0,7,1.8,112
FR009,Babi daging kurus segar,371,14.1,35,0,0,8,2.1,97
FR010,Babi ginjal segar,110,16.3,4.6,0.8,0,11,8,139
FR011,Babi hati segar,129,19.7,4.8,1.7,0,10,18,110
BP013,Bagea kelapa asin,450,3.2,13.9,78.1,0,38,0.3,74
BP014,Bagea kelapa manis,452,1.3,13.8,80.6,0,38,0.3,75
BP015,Bagea kenari asin,529,3.2,29.1,63.6,0,38,0.4,74
BP016,Bagea kenari manis,523,3.2,28.2,64.2,0,38,0.3,74
BP017,Bagea kw 1,416,6.5,9.4,76.3,0.4,49,4.9,0
BP018,Bagea kw 2,382,0.3,3.5,87.2,0.9,172,7.6,0
AP030,Bakpia kue,272,8.7,6.7,44.1,0.9,194,4.5,0
DR005,Bakung segar,27,2,0.2,4.2,3.8,19,0.5,37
AP031,Bakwan,280,8.2,10.2,39,3.4,204,7,0
NP001,Balichong,152,13.2,0.8,22.9,1.5,380,2.9,120
DR006,Baligo segar,15,0.4,0.2,3,0.4,19,0.4,2
AP032,Bantal,190,3.3,0.3,43.5,3.4,9,0.4,164
EP001,Barongko,159,3.1,5.8,23.5,0,35,1.2,46
AP033,Baruasa,417,6.5,8.2,79.3,0,0,0,0
AP034,Batar daan,107,2.2,2.2,19.6,0,20,0.6,200
BR002,Batatas gembili segar,76,1.1,0.9,16,4.2,0,0.2,10
BP001,Batatas kelapa ubi bakar,110,1.4,1.1,23.4,4.5,1,0.2,12
BP002,Batatas kelapa ubi kukus,92,1.2,0.3,21,4.1,0,0.2,10
BR003,Batatas kelapa ubi segar,89,1.1,0.1,21,4,0,0.2,20
BP003,Batatas tali ubi rebus,182,2.4,0.4,42.2,9.2,1,0.3,20
DR007,Bawang bombay segar,43,1.4,0.2,10.3,2,32,0.5,12
NR007,Bawang merah segar,46,1.5,0.3,9.2,1.7,36,0.8,7
NR008,Bawang putih segar,112,4.5,0.2,23.1,0.6,42,1,46
DR009,Bayam merah segar,41,2.2,0.8,6.3,2.2,520,7,20
DP001,Bayam kukus,30,1.3,0.7,5.8,1.2,239,5.7,15
DP002,Bayam rebus,23,1.2,0.6,3.7,1.1,150,0.5,16
DR008,Bayam segar,16,0.9,0.4,2.9,0.7,166,3.5,16
HP005,Bayau mi balu masakan,313,6,12.2,44.8,0,0,0,0
FR012,Bebek itik daging segar,321,16,28.6,0,0,15,1.8,54
FR013,Bebek alabio daging segar,303,11.3,27,3.7,0,20,4.8,50
FP003,Bebek daging goreng,300,24,20.7,4.5,0,170,4.1,34
DP026,Beberuk,65,1.1,5.2,3.5,3.1,179,8.3,53
FP036,Beef burger,258,10.6,9.5,32.5,0.4,210,2.6,572
FP037,Beef teriyaki masakan,151,8.6,3.1,22.3,0.3,142,2.3,377
FP038,Beef yakiniku masakan,132,9.8,1.1,20.7,0.3,302,2,409
NP002,Bekasam,116,11.9,4.9,6.1,3.5,704,7.5,711
NP003,Bekasang,78,11.4,2,3.6,0.4,54,2.6,4.02
GP001,Bekicot dendeng mentah,441,48.7,20.3,15.8,0,692,16.6,0
FR014,Belibis daging segar,131,20.2,4.3,2.8,0,8,9.6,46
ER006,Belimbing segar,36,0.4,0.4,8.8,3.3,4,1.1,4
BP004,Belitung talas kukus,145,1.2,0.4,34.2,1,21,0.9,7
BR004,Belitung talas segar,145,1.2,0.4,34.2,1.5,26,1.4,6
GP002,Belut goreng,417,25.9,19.4,32,0,840,4.9,71
GR011,Belut segar,70,14.6,0.8,1,0,49,1.5,55
GR012,Belutlaut segar,93,12.8,1.5,6.1,0,60,3,33
BR005,Bengkuang segar,59,1.4,0.2,12.8,1,15,0.6,2
BR006,Bentul Komba talas segar,98,1.6,0.7,20.9,0.7,44,1.5,0
BP005,Bentul talas kukus,71,2.3,0.3,15.4,0.5,29,0.6,0
BP019,Beras Cerdas,350,2.7,1.1,82.3,6.2,28,2.9,358
BP020,Beras ganyong,364,3.4,0.7,86.3,4.7,4,5,4
AR002,Beras giling var pelita mentah,369,9.5,1.4,77.1,0.4,68,1.4,34
AR003,Beras giling var rojolele mentah,357,8.4,1.7,77.1,0.2,147,1.8,34
AR001,Beras giling mentah,357,8.4,1.7,77.1,0.2,147,1.8,27
AR004,Beras hitam mentah,351,8,1.3,76.9,20.1,6,0.1,15
AR005,Beras jagung kuning kering mentah,358,5.5,0.1,82.7,10,20,1.4,1
AR006,Beras jagung putih kering mentah,307,4.8,0.1,71.8,10,17,1.2,1
AR007,Beras ketan hitam tumbuk mentah,360,8,2.3,74.5,1,10,6.2,11
AR008,Beras ketan putih tumbuk mentah,361,7.4,0.8,78.4,0.4,13,3.4,3
AR009,Beras ladang mentah,376,7.5,3.8,78,5.9,20,0.8,10
AR010,Beras menir mentah,362,7.7,4.4,73,0.2,22,3.7,90
AR011,Beras parboiled,353,6.8,0.6,80,0.5,5,0.8,2
BP021,Beras Siger,344,1.1,0.2,28.3,5.6,32,5.6,106
AR013,Beras tumbuk merah mentah,352,7.3,0.9,76.2,0.8,15,4.2,10
AR012,Beras tumbuk mentah,354,7.8,0.4,79.9,3.8,3,0.6,5
GP055,Betok wadi masakan,145,16.3,7,4.1,0,405,1.8,69
AP007,Bihun goreng instan,381,6.1,3.9,80.3,0,266,2.9,928
AP008,Bihun Jagung mentah,354,0.5,0.3,87.4,3,13,0.6,49
AP006,Bihun mentah,348,4.7,0.1,82.1,1.2,6,1.8,12
BP022,Biji nangka Biji salak,262,2.3,5.4,51.1,8,60,0.8,10
AP035,Bika ambon,199,2.1,1.5,44.4,0.3,45,1.8,0
AP036,Bingka,273,5.3,10.6,39.1,0,0,0,0
AP029,Biskuit,458,6.9,14.4,75.1,2.1,62,2.7,241
DR010,Bit segar,41,1.6,0.1,9.6,2.6,27,1,29
ER007,Biwah segar,51,0.3,0.1,12.1,0.7,220,0.8,1
ER114,Blewah segar,34,0.8,0.2,8.2,0.9,9,0.2,16
AP037,Bobengka,225,5.3,2.6,45.2,0,0,0,0
AP038,Bolu peca,197,3.3,4.6,35.6,0,0,0,0
NR009,Boros kunci segar,40,1,0.8,7.2,1,50,2,33
NR010,Boros laja lengkuas segar,26,1,0.3,4.7,1.1,50,2,24
DP027,Botok lamtoro,186,11.7,9.7,13,2.1,771,26,0
GP056,Bou ninahu ndamate masakan,79,6.3,1,1.1,0,0,0,67
GP057,Bouiki ninahu nggaluku masakan,94,7.8,2.2,10.8,0,0,0,58
AP039,Brem,249,3.4,0.4,58,0,198,2,0
FP039,Brongkos,141,15.3,3.3,12.6,1,87,5.1,0
ER008,Buah atung segar,23,0.8,0.2,5.2,0,30,4.6,0
ER009,Buah kelenting segar,110,1.4,2.1,21.4,0,8,1.1,2
DR011,Buah kelor,38,1.5,0.2,7.5,3.2,30,0,48
ER010,Buah kom segar,264,4,1.1,59.6,9,306,0.8,0
ER011,Buah mentega Bisbul segar,39,0.7,0.2,9.7,2,43,0.8,1
DR012,Buah merah,87,2.6,2.7,13.1,4,30,1.1,110
ER012,Buah Naga Merah segar,71,1.7,3.1,9.1,3.2,13,0.4,128
ER013,Buah Naga Putih segar,56,0.8,1,10.9,3.2,13,0.5,231
ER014,Buah negri segar,55,1.2,0.1,12.2,5.2,30,0.2,10
ER015,Buah nona segar,101,1.7,0.6,25.2,2.8,27,0.8,5
ER016,Buah rotan segar,78,0.6,0.3,18.2,0,1,3.4,7
ER017,Buah rukam segar,113,0.8,0.3,26.8,7.7,108,1.2,2
ER018,Buah ruruhi segar,29,2.1,0.7,3.6,2.6,6,0,36
ER019,Buah tuppa segar,67,0.4,0.2,15.9,0,12,0.5,2
FP004,Buaya daging dendeng mentah,365,49.6,4.8,30.8,0,60,4.3,500
BP023,Bubur sagu,167,0.2,4,33,0,3,0.1,7
AP040,Bubur tinotuan Manado,156,2.3,0.2,15.6,8.2,41,0.4,486
FP040,Bulgogi masakan,72,11.4,4.9,1.4,1.7,214,2.5,509
DP003,Buncis rebus,30,2.2,0.2,6.4,1.5,107,0.5,7
DR013,Buncis segar,34,2.4,0.3,7.2,1.9,101,0.7,8
DR014,Bunga pepaya segar,45,2.6,0.3,8.1,1.6,290,4.2,2
DR015,Bunga turi segar,42,2,1.1,6.1,3.3,28,0.8,97
CP020,Bungkil biji karet,333,29.3,3.3,50,0,102,12,0
CP021,Bungkil kacang tanah,336,37.4,13,30.5,0,730,30.7,0
CP022,Bungkil kelapa,368,23,15,40,0,137,41.5,0
DP028,Buntil daun talas,141,4.4,10.2,8,1.8,149,14.5,0
FR015,Burung sarang segar,281,37.5,0.3,32.1,0,485,3,0
NR011,Cabai gembor merah segar,38,1.6,0.8,6.3,1.6,49,1.1,7
NR012,Cabai hijau segar,26,0.7,0.3,5.2,2.6,14,0.4,7
NR013,Cabai merah kering,367,15.9,6.2,61.8,26.9,160,2.3,25
NR014,Cabai merah segar,36,1,0.3,7.3,1.4,29,0.5,23
NR015,Cabai rawit segar,120,4.7,2.4,19.9,15.2,45,2.5,34
DR016,Caisin segar,20,1.7,0.4,3.4,1.2,123,1.9,18
GP058,Cakalang asar asap papua,155,20.1,3.8,10.2,0,20,2.1,90
AP041,Cake tape,323,4.9,11.5,50.1,1.4,131,2.6,0
DP029,Cammetutu,102,3.2,6,8.7,4.3,41,0.5,443
AP042,Cangkuning,204,2.8,7.5,31.4,0,0,0,0
AR014,Cantel mentah,366,11,3.3,73,1.2,28,4.4,7
DP030,Cap cai sayur,97,5.8,6.3,4.2,0.6,287,1.8,405
ER020,Carica papaya segar,24,1.9,0.2,3.7,1,51,1.8,0
BP024,Cassavastick,460,0.8,18.7,17.2,1.6,144,7.5,0
ER021,Cempedak segar,116,3,0.4,28.6,3.4,20,1.5,26
NR016,Cengkeh kering,330,5.2,8.9,57.4,10,740,4.9,282
BP025,Ceriping getuk singkong,462,1.2,20.7,67.7,0.6,1.25,8.8,0
FP041,Chicken teriyaki masakan,168,13,9.6,7.5,0.8,137,3.1,959
FP042,Chikiniku masakan,143,9.8,1.4,22.8,0.4,301,2,531
MP004,Coklat bubuk,311,8,4,48.9,32.6,125,11.6,0
MP001,Coklat manis batang,527,2,29.8,62.7,6.5,63,2.8,6
MP002,Coklat pahitbatang,615,5.5,42.6,29.2,10.8,98,4.4,20
MP003,Coklat susu batang,565,9,35,53.6,3.4,200,2,100
FP043,Coto mangkasara kuda masakan,96,6.8,5.9,3.8,0,11,2.3,96
FP044,Coto mangkasara sapi masakan,84,6,6,1.4,0,8,4,90
HP006,Cucuru bayau masakan,349,6.8,18.7,38.3,0,0,0,0
NP004,Cuka,21,0.1,0.1,5,0,7,0.5,21
GP003,Cumi-cumi goreng,265,40.6,10.1,0,0,62,2.7,86
GR022,Cumi-cumi segar,75,16.1,0.7,0.1,0,32,1.8,37
DR017,Daun bangun-bangun segar,27,1.3,0.6,4,1,279,13.6,4
DR018,Daun bawang merah segar,41,2,0.3,7.8,2.1,60,2.3,30
DR019,Daun bebuas segar,41,2.7,1,7.3,2.1,29,1.5,0
DR020,Daun belem segar,50,4.4,1.4,7.8,1.9,698,7.5,0
DR021,Daun bluntas segar,44,1.8,0.5,9.4,0,256,5.6,0
DR022,Daun gandaria segar,63,3.1,0.3,14,2.1,40,4.7,3
DR023,Daun gedi besar segar,58,2.9,0.7,10,3.3,440,1.9,30
DR024,Daun gedi kecil segar,61,3.2,0.7,10.4,3.4,420,1.7,20
DR025,Daun gelang segar,30,1.3,0.7,5.8,1.3,350,11.9,5
DR026,Daun gunda bali segar,50,4.6,0.9,7,1.4,167,0.5,0
DR027,Daun gunda serang segar,62,4.2,0.9,9.2,1.3,171,0.6,0
DR028,Daun jambu mete muda segar,78,4.6,0.5,16.2,3,33,8.9,14
DR029,Daun jampang segar,34,3.8,0.5,5.3,1.4,21,1,0
DR030,Daun jawaw seluang segar,93,5,1.3,15.3,3.9,146,5.3,2
DR031,Daun jonghe segar,27,2.1,0.7,4.4,2,253,9.5,0
DR032,Daun kacang ma segar,36,2.9,0.6,6.8,1.8,64,2.2,7
DP004,Daun kacang panjang kukus,40,3.7,0.3,8,1.8,111,3.7,6
DR033,Daun kacang panjang segar,30,3.1,0.3,5.8,1.7,200,4.5,7
DR034,Daun kasbi singkong karet segar,92,4,3.6,10.9,5.8,140,1.6,70
DP005,Daun katuk rebus,53,5.3,0.9,9.1,1.2,185,3.1,16
DR035,Daun katuk segar,59,6.4,1,9.9,1.5,233,3.5,21
DR036,Daun kecipir segar,52,5,0.5,8.5,0,134,6.2,6
DR037,Daun kedondong segar,59,3.5,0.3,13.4,10.7,540,6.2,12
DP006,Daun kelor rebus,61,6.1,0.9,10,0.9,255,2.1,45
DR038,Daun kelor segar,92,5.1,1.6,14.3,8.2,1.08,6,61
DR039,Daun kemangi segar,43,5.5,0.3,7.5,8.4,35,1,10
DR040,Daun kenikir segar,45,3.7,0.5,6.6,5.8,328,2.7,431
DR041,Daun kesum segar,48,4.5,0.8,9.1,1.6,125,2.6,11
DR042,Daun kol sawi segar,22,2.1,0.5,3.6,0.9,200,3.2,19
DR043,Daun koro segar,23,3,0.3,3.7,0,134,6.2,4
DR044,Daun kubis segar,51,2.5,1.1,8,3.4,100,3.4,50
DR045,Daun kumak segar,14,1.3,0.3,2.3,0.9,90,2.7,2
DR046,Daun labu siam segar,34,4,0.4,4.7,3.5,58,2.5,16
DR047,Daun labu waluh kuning segar,34,3.6,0.6,4.5,2.9,138,3.7,16
DR048,Daun lamtoro segar,87,8.3,1.8,14.4,3.3,725,3.9,10
DR049,Daun leilem segar,76,2.8,0.2,15.8,3.1,296,3.4,6
DR050,Daun leunca segar,49,4.7,0.5,8.1,0,210,6.1,0
DR051,Daun lobak segar,30,2.3,0.4,5.8,3.2,140,3.7,16
DR052,Daun lompong talas segar,44,3,0.8,7.4,3.3,76,1,3
DR053,Daun mangkokan segar,57,3.7,0.3,11.8,0,474,4,0
DR054,Daun matel ambon segar,71,6.8,1.6,11.5,4.6,93,10.2,0
DR055,Daun melinjo segar,104,5,1.3,21.3,10.3,219,4.2,12
DP007,Daun mengkudu kukus,63,3.8,1.5,11.5,2.4,300,6,0
DR056,Daun mengkudu segar,65,4,1.7,11.4,3.9,296,6.9,0
DR057,Daun ndusuk segar,166,1.7,0.5,38.8,10.7,40,1.8,40
DR058,Daun oyong segar,22,1,0.1,5.3,2,21,2,40
DR060,Daun pakis longgiho segar,54,2.2,3.6,3.1,2.1,40,0.7,70
DR061,Daun pakis wambateu segar,53,3.4,1.2,7.2,4.8,30,0.3,20
DR059,Daun pakis segar,39,4.5,0.4,6.9,2,136,2.3,20
DR062,Daun paku segar,29,3.4,0.1,6.5,4.3,13,1.3,19
DR063,Daun pangisegar,104,3.9,0.6,17.9,8.3,256,1.8,4
DR064,Daun pare segar,49,2.7,1,8.4,3,217,3.3,7
DR065,Daun pepaya segar,87,8,2,11.9,1.5,353,0.8,4
DR066,Daun pohpohan segar,37,2.5,0.8,6.9,2.6,744,5.9,0
NR017,Daun salam bubuk,301,14.2,10.9,49,9.4,86,44.1,180
DR067,Daun selasih segar,62,4,0.5,10.5,5.3,122,13.9,3
DR068,Daun semanggi segar,45,4.4,0.5,8.5,1.9,98,7,64
DR069,Daun simpur segar,53,3.2,2.5,7.6,1.6,228,3.5,0
DR070,Daun singkil segar,68,2,1,15.2,3.3,178,2.1,0
DR072,Daun singkong ambon segar,144,12.7,1.2,25.2,10.2,165,3.9,44
DR073,Daun singkong ampenan segar,50,6.2,1.1,7.1,2.4,352,2.7,49
DR074,Daun singkong kopang segar,74,6.3,0.7,10.7,4.6,142,1.7,32
DP008,Daun singkong rebus,31,3.7,0.6,4.8,1.6,160,2.6,13
DR071,Daun singkong segar,50,6.2,1.1,7.1,2.4,166,1.3,17
DR075,Daun sintrong segar,36,2.6,0.9,6.1,1.7,398,9.3,64
DP009,Daun talas rebus,27,1.3,0.2,5.9,1.6,119,1.4,3
DR076,Daun talas segar,59,3,0.4,13.5,3,236,2.4,4
DR077,Daun tespong segar,70,2.9,0.3,13.9,2.3,155,2.5,72
DR078,Daun ubi kuning segar,62,3.7,0.3,11.1,6.4,170,0.6,10
DP010,Daun ubi merah kukus,56,3.1,0.3,13,1.5,78,4.3,28
DR079,Daun ubi merah segar,48,3,0.3,10.8,1.4,80,6.4,33
DR080,Daun ubi putih segar,46,2.8,0.2,8.2,4.8,120,0.8,10
DR081,Daun ubi tinta segar,55,1.7,0.1,11.9,7.6,120,0.6,10
GP059,Dendeng belut goreng,382,55.7,14.1,8,0,1.07,15.4,0
GP060,Dendeng mujahir goreng,598,74.3,26.9,9.2,0,1.96,7.4,0
FP045,Djibokum masakan,248,10,2.3,40.9,0.1,116,2.8,401
AP043,Dodol bali,298,3.7,2.1,65.9,0.4,70,2.5,0
CP023,Dodol banjarmasin,368,2.6,8.6,70,0.5,51,3.3,48
AP044,Dodol galamai,348,0.4,3.8,76.1,0.5,41,2.6,38
AP045,Dodol kedondong,331,1.9,7.6,63.8,1,90,2.3,0
AP046,Dodol manado,373,4.3,16.5,51.9,0.4,41,2.4,35
EP002,Dodol nanas,338,1.5,1.2,80.3,0,0,0,0
FR016,Domba daging gemuk segar,317,15.7,27.7,0,0,9,2.4,64
FR017,Domba daging kurus segar,202,17.1,14.8,0,0,10,2.6,90
FR018,Domba ginjal segar,100,16.6,3.3,1,0,13,9.2,167
ER022,Duku segar,63,1,0.2,16.1,4.3,18,0.9,2
ER023,Durian segar,134,2.5,3,28,3.5,7,1.3,1
ER024,Duwet segar,80,0.5,0.6,18.2,0.9,33,1.3,16
DR082,Eceng segar,19,1,0.2,3.8,1.8,80,3.7,45
ER025,Embacang segar,98,1.4,0.2,25.4,1.9,21,0.5,3
FP046,Empal daging Goreng masakan,248,36.2,6.9,10.1,0,131,6.4,848
CP024,Emping kerupuk melinjo,345,12,1.5,71.5,0,100,5,0
AP047,Emping beras,403,10.6,2.2,85.3,0.2,11,0.3,1
CP025,Emping komak,355,17.8,4.6,60.7,0,87,4.3,24
ER026,Encung asam segar,122,3.5,4.5,17.5,9.3,63,3.2,0
CP026,Enting-enting gepuk hello kity,538,13.6,30.3,52.6,0.2,81,1.6,0
CP027,Enting-enting gepuk kacang tanah,524,13.3,29.2,52,0.2,76,1.4,0
CP028,Enting-enting wijen,565,18.2,38.4,36.8,1.9,251,10.9,0
ER027,Erbis segar,70,0.6,0,18.9,7.7,11,1.1,21
JP001,Es krim,210,4,12.5,20.6,0,123,0.1,78
GP061,Fillet o-fish,270,12.3,15.9,19.3,0.2,239,1.8,439
BR007,Gadeng Gadung kering,322,2.4,0.6,76.6,0,39,2.2,5
DP031,Gado-gado,137,6.1,3.2,21,1.1,301,7.5,0
BP006,Gadung ubi kukus,88,0.6,0.3,20.9,0.9,26,0.4,6
BR008,Gadung ubi segar,100,0.9,0.3,23.5,2.1,79,0.9,8
DR083,Gambas oyong segar,19,0.8,0.2,4.1,1.3,19,0.9,23
ER028,Gandaria masak,68,0.7,0.1,18,2.2,9,1,3
BP007,Ganyong rebus,100,0.8,0.2,23.8,0.9,15,0.9,0
BR009,Ganyong segar,77,0.6,0.2,18.4,0.8,15,1,0
ER029,Gatep segar,191,4.5,1.5,39.7,13.4,186,3.2,17
BP026,Gatot,347,1.3,0.7,83.8,5.8,78,17.1,28
BP027,Geblek,195,0.4,1.7,44.4,3.6,35,0.6,353
BR010,Gembili ubi segar,131,1.1,0.2,31.3,1.1,14,0.6,10
AP048,Gemblong,274,1.7,5.4,55.5,2.2,69,3.3,0
AP049,Gendar goreng,407,6.4,28.2,32,0.1,216,1.6,0
DR084,Genjer segar,35,1.7,0.2,7.7,2.5,62,2.1,64
CP029,Geplak,350,1.4,14.4,53.6,1.8,151,2.1,0
CP030,Geplak jahe,462,3.1,24.4,57.7,3.3,212,6.6,0
GP062,Gete kuah asam masakan,75,8.2,2,6,0,1.62,0.8,260
BP028,Getuk goreng,360,1.3,6.4,74.3,0.8,59,3.2,0
EP003,Getuk pisang,144,1.1,0.4,34.1,0.4,48,1,0
BP029,Getuk singkong,204,0.5,1.4,47.4,0.8,97,1.5,0
DP032,Gudeg sayur,160,3.3,9.2,16,2.3,62,12.8,0
MP005,Gula aren,368,0,0,92,0,75,3,15
MP006,Gula kelapa,386,3,10,76,0,76,2.6,2
MP007,Gula putih,394,0,0,94,0,5,0.1,1
GP063,Gulai asam keueung masakan,52,10,0.5,1.8,0,62,0.3,332
GP064,Gulai ikan paya masakan,148,10,9.8,5,0,103,0.7,525
GP065,Gulai ikan masakan,106,16.5,3.3,2.5,0,306,4.8,743
FP047,Gulai kambing,126,4.2,9.4,6.2,0,45,1.3,302
GP066,Gulai keumamah masakan,110,5.9,8.2,3.2,0,32,1,335
DP033,Gulai pakis,143,4,11.4,6,1.4,548,1.7,0
DP034,Gulai pliek,176,7.3,14.9,3.2,0,39,1.4,257
GP067,Gulai tiram masakan,132,9,7.2,7.8,0,53,3.7,285
GP068,Gurame asem manis masakan,192,12.7,10.1,12.7,0,283,1.1,0
BP030,Gurandil,218,0.5,2.5,48.5,3.1,50,2.8,0
FP005,Ham,384,16.9,35,0.3,0,10,2.5,112
JP002,Hangop,65,10,1,3.5,0,180,0.2,126
BR011,Hofa Ubi hutan segar,127,1.2,0.5,29.5,3.4,30,0.7,3
GP069,Ikan asar merah masakan,146,17.7,5.9,5.6,0,100,4,170
GP004,Ikan asin kering,193,42,1.5,0,0,200,2.5,0
GR001,Ikan bader segar,193,19,13,0,0,48,0.4,118
GR002,Ikan balong segar,107,16.5,3.9,1.5,0,54,2,86
GR003,Ikan bambangan segar,112,20,1.3,3.7,0,98,3,148
GP005,Ikan bandeng presto masakan,296,17.1,20.3,11.3,0,1.42,1.9,0
GR004,Ikan bandeng segar,123,20,4.8,0,0,20,2,67
GR005,Ikan banjar segar,111,19.4,0.9,4.8,0,68,7.3,99
GR006,Ikan baronang segar,78,14.5,0.6,3.7,0,26,3.8,26
GR007,Ikan batung segar,115,14.5,4.6,4.2,0,0,0,42
GP006,Ikan baung bakar,144,17.8,5.8,5.2,0,18,0,168
GR008,Ikan baung segar,123,15.1,5.5,3.3,0,5,1.3,32
GR009,Ikan bawal segar,91,19,1.7,0,0,20,2,129
GP007,Ikan Belida bakar,128,18,3,7.2,0,58,0,293
GR010,Ikan Belida segar,80,14.7,1.4,2.2,0,303,1.3,41
GR013,Ikan beunteur segar,109,17,4,0,0,500,1,109
GR014,Ikan biawan segar,90,14.9,2.5,2.1,0,125,1,35
GR015,Ikan bili segar,88,14.2,0.7,6.2,0,27,1.5,217
GR016,Ikan bubara segar,100,14.7,2.4,4.9,0,90,0.4,390
GR017,Ikan bulan-bulan segar,134,25.5,1.3,5,0,29,0.5,197
GP008,Ikan cakalang asap mentah,204,34.2,5.6,1.9,0,14,1.3,176
GP009,Ikan cakalang asin mentah,198,36.5,2.2,5.5,0,236,3.7,4.3
GR019,Ikan cakalang hati segar,120,11.3,3.9,10,0,30,0.9,420
GR020,Ikan cakalang jantung segar,116,11.2,1.2,10.2,0,10,3.4,360
GR021,Ikan cakalang perut segar,86,10.2,1.1,8.7,0,20,2.1,230
GP010,Ikan calo peda mentah,81,11.4,1.9,3.8,0,743,22.6,0
GR023,Ikan daun segar,101,11.5,4.1,4.6,0,80,0.8,120
GR024,Ikan ekor kuning segar,108,22.3,1.2,2.1,0,30,0.5,50
GP011,Ikan Gabus asap mentah,261,38.1,2.3,21.9,0,2.51,2.9,320
GP012,Ikan Gabus kering,268,58,4,0,0,15,0.1,0
GR025,Ikan gabus segar,80,16.2,0.5,2.6,0,170,0.1,65
GP013,Ikan gete goreng,267,23.1,19.4,0.2,0,2.34,0.8,590
GR026,Ikan Heu segar,81,10,1.6,6.6,0,1.91,2.1,240
GR027,Ikan hitam segar,101,10.3,3.7,6.7,0,50,0.4,70
GP014,Ikan hiu kering,298,46.3,3.6,20.2,0,335,2.5,957
GR028,Ikan hiu segar,57,10.7,0.3,2.2,0,75,2,0
GR029,Ikan kacangan segar,77,15.6,0.9,1.6,0,94,1.7,0
GR030,Ikan kakap segar,92,20,0.7,0,0,20,1,0
GR031,Ikan kakatua segar,82,11.4,1.2,6.4,0,20,0.4,90
GR032,Ikan kalaban segar,77,16.4,0.7,1.3,0,182,0.9,40
GR033,Ikan Kamera segar,86,19.7,0.8,0,0,50,0.3,90
GR034,Ikan kapar segar,132,17,6.7,0.8,0,151,1.2,78
GP015,Ikan katombo asin,162,31.7,2.8,0.3,0,279,4.6,4.39
GR035,Ikan kawalinya segar,110,12.6,4.2,5.4,0,80,1.5,340
GP016,Ikan kayu kering,302,70.7,1.9,0.4,0,313,4.1,345
GR040,Ikan keru-keru segar,93,16.5,2.1,0.8,0,65,2.4,137
GR041,Ikan kima segar,70,10.8,0.7,5.2,0,53,2,342
GP017,Ikan Lais bakar,147,17.5,6.5,5.4,0,54,0.1,142
GR045,Ikan lais segar,161,11.9,11.5,2.4,0,70,0,0
GR046,Ikan layang segar,109,22,1.7,0,0,50,2,0
GR047,Ikan layur segar,82,18,1,0.4,0,48,2.2,0
GR048,Ikan lehoma segar,90,20.4,0.9,0,0,88,0.7,56
GR049,Ikan lemuru segar,112,20,3,0,0,20,1,0
GR050,Ikan lidah segar,104,15.6,3.2,2,0,30,2,0
GP018,Ikan lomak asin mentah,258,40.3,2.3,18.9,0,140,2.3,6.23
GR052,Ikan malalugis segar,99,20.6,1.4,0.9,0,164,0.5,76
GR053,Ikan mamar merah segar,115,15.3,4,4.4,0,60,1.6,120
GP019,Ikan Mas pepes,209,15.2,11.3,11.8,0.5,686,6.1,74
GR054,Ikan mas segar,86,16,2,0,0,20,2,65
GR055,Ikan mayong segar,97,17.9,2,0.4,0,40,2.5,0
GP020,Ikan mujahir goreng,416,46.9,23.9,0,0,346,0.9,54
GP021,Ikan Mujahir pepes,121,21.7,2.8,0.8,0,83,1.6,58
GP022,Ikan mujahir dendeng mentah,582,68.3,15.2,37.2,0,3.26,4.3,0
GR056,Ikan mujahir segar,89,18.7,1,0,0,96,1.5,51
GR057,Ikan nasu metti segar,154,16.8,5,10.5,0,80,1.6,421
GR036,Ikan oci kembung segar,125,21.3,3.4,2.2,0,136,0.8,214
GR058,Ikan paling segar,303,14,27,0,0,20,1,43
GP023,Ikan Papuyu bakar,152,17.6,6.1,6.7,0,244,3.4,320
GR059,Ikan papuyu betok segar,120,14.3,4.9,4.6,0,329,1.5,240
GP024,Ikan Patin bakar,144,17.5,6.3,4.3,0,191,1.4,379
GR060,Ikan Patin segar,132,17,6.6,1.1,0,31,1.6,77
GP025,Ikan peda banjar mentah,156,28,4,2,0,174,3.1,59
GP026,Ikan pepetek mentah,176,32,4.4,2,0,120,1,79
GP027,Ikan Pindang banjar mentah,157,28,4.2,1.8,0,50,1,0
GP028,Ikan Pindang benggol mentah,170,31,4.2,0,0,50,1,0
GP029,Ikan Pindang layang mentah,153,30,2.8,0,0,60,3,0
GP030,Ikan Pindang selar mentah,142,27,3,0,0,60,3,0
GR061,Ikan pomo segar,147,22.5,5.2,2.6,0,80,1.3,0
GR062,Ikan Puntin segar,76,14.4,1.1,2.2,0,28,0,0
GP031,Ikan sale lais mentah,415,61.3,17.6,2.9,0,258,7,381
GR072,Ikan Sale segar,534,40.2,39.3,4.9,2,199,2.7,673
GP032,Ikan saluang kering mentah,284,34.1,9.9,14.6,0,1.43,9.5,1.77
GR065,Ikan saluang segar,113,13.9,4.9,3.4,0,642,1.9,51
GP033,Ikan sanggang masakan,240,21.7,7.7,20.7,0,159,9.8,2.04
GR066,Ikan sarden segar,109,19.9,1.8,3.4,0,95,1.3,266
GP034,Ikan selar kuning cue mentah,138,27,3.3,0,0,50,2,0
GP035,Ikan selar kering mentah,194,38,3.5,0,0,20,1,0
GR067,Ikan selar segar,100,18.8,2.2,0,0,40,0.5,43
GP036,Ikan sepat kering mentah,289,38,14,0,0,40,0.7,0
GR068,Ikan sepat segar,84,15.2,0.6,4.7,0,68,2.1,211
GR069,Ikan sidat segar,81,11.4,1.9,3.8,0,118,3,46
GP037,Ikan sunu asin mentah,199,34.1,3.8,7.1,0,94,2.2,377
GR070,Ikan sunu segar,111,13.3,3.4,6.7,0,86,1.2,91
GR071,Ikan tahuman segar,88,15.9,0.9,4.1,0,221,0,24
GR073,Ikan tarmon segar,96,19.5,1.1,2,0,9,0.3,43
GR074,Ikan telan segar,95,15.8,0.7,6.5,0,503,0.2,58
GR075,Ikan tembang segar,204,16,15,0,0,20,2,341
GR076,Ikan tempahas segar,101,15.1,4.1,1,0,32,0,50
GR077,Ikan terbang segar,98,19.6,1.7,1,0,90,0.6,90
GP039,Ikan Teri nasi kering mentah,144,32.5,0.6,0,0,1,3,312
GP040,Ikan Teri bubuk mentah,277,60,2.3,1.8,0,1.21,3,0
GP041,Ikan teri kering mentah,170,33.4,3,0,0,1.2,3.6,0
GP042,Ikan Teri kering tawar mentah,331,68.7,4.2,0,0,2.38,23.4,0
GR078,Ikan teri segar,74,10.3,1.4,4.1,0,972,3.9,554
GP043,Ikan Teri tepung mentah,347,48.8,6.4,19.6,0,4.61,18.6,0
GR079,Ikan titang segar,82,17.4,0.4,2.3,0,145,1.8,110
GR080,Ikan tongkol segar,100,13.7,1.5,8,0,92,1.7,202
GR081,Ikan turi segar,96,19.2,2,0.2,0,340,0.8,370
GR018,Ikan cakalang segar,107,19.6,0.7,5.5,0,23,2.9,66
HP004,Ikan telur asin mentah,358,20.7,26.4,9.4,0,48,15.1,2.68
GP038,Ikan tepung mentah,316,60.1,6.5,22.4,0,3.2,16.6,0
AP050,Intip goreng,474,7.6,21.6,62.3,1.2,36,2.5,0
FP006,Itik alabio daging dendeng mentah,496,30.3,33.5,18.4,0,135,12.5,1.08
AP051,Jagung gerontol,156,2.7,1.3,33.3,1,51,1.2,0
AR016,Jagung kuning pipil kering mentah,366,9.8,7.3,69.1,2.2,30,2.3,5
AP012,Jagung kuning pipil rebus,154,3.8,3.5,28.4,0.7,7,0.5,5
AP011,Jagung kuning tepung,355,9.2,3.9,73.7,7.2,10,2.4,11
DR085,Jagung muda semi segar,35,2.2,0.1,7.4,1.9,7,0.5,353
AR015,Jagung muda kuning mentah,147,5.1,0.7,31.5,1.3,6,1.1,5
AP010,Jagung muda rebus,142,5,0.7,30.3,0.8,5,0.8,5
AR017,Jagung pipil var. harapan kering,367,6.2,5.1,76.2,2.6,7,2.8,1
AR018,Jagung pipil var. metro kering,368,5.5,4.6,78,2.9,7,2.4,1
AP052,Jagung titi,374,9.4,2.2,79.1,0.8,14,2.9,0
NR018,Jahe segar,51,1.5,1,10.1,12,21,1.6,12
AR019,Jali mentah,324,11,4,61,3.1,213,11,24
MP008,Jam selai,239,0.5,0.6,64.5,1,20,1,30
GP070,Jambal goreng,286,48.5,9.2,2.3,0,207,3.3,0
ER030,Jambu air segar,46,0.6,0.2,11.8,2.1,8,1.1,11
ER031,Jambu biji,49,0.9,0.3,12.2,2.4,14,1.1,10
ER032,Jambu biji putih tidak berbiji,61,0.9,0.3,15.4,4.5,31,0.2,20
ER033,Jambu bol segar,49,2.3,0.2,9.6,3.5,8,0.3,1
ER034,Jambu monyet segar,64,0.7,0.6,15.8,1.2,4,0.5,12
AR021,Jampang huma mentah,350,6.2,1.4,78.2,1.7,329,5.3,53
DR086,Jamur encik,296,9.4,1.1,62,0,5,5.3,2
DR087,Jamur kuping kering,294,16,0.9,64.6,46.5,51,6.7,174
DR088,Jamur kuping segar,21,3.8,0.6,0.9,5.1,3,1.7,17
DR089,Jamur merang segar,30,3.5,0.2,4,2.4,14,1,300
DR091,Jamur sagu,48,1.9,3.2,2.8,1,10,0.6,100
DR090,Jamur tiram segar,30,1.9,0.1,5.5,3.6,9,0.7,226
FP048,Jangang bintatoeng masakan,107,5.3,2.2,16.5,0,64,2.5,482
DR092,Jantung pisang segar,32,1.2,0.3,7.1,3.2,30,0.1,3
AP053,Japilus,500,1.2,25.1,67.3,0.4,186,4.9,0
AR020,Jawawut mentah,364,9.7,3.5,73.4,8.2,28,5.3,7
DR093,Jengkol segar,192,5.4,0.3,40.7,1.5,4,0.7,60
ER035,Jeruk bali segar,48,0.6,0.2,12.4,0.8,23,0.5,21
ER036,Jeruk banjar segar,61,0.8,0.2,14.1,0,9,0.2,3
ER037,Jeruk garut-keprok,44,0.8,0.3,10.9,1.6,33,0.4,5
ER038,Jeruk Kalamansi segar,39,0.3,0.3,8.9,2.3,42,0.5,82
ER039,Jeruk manis segar,45,0.9,0.2,11.2,1.4,33,0.4,4
ER040,Jeruk nipis segar,44,0.5,0.2,10,0.4,18,0.2,3
ER041,Jeruk ragi segar,49,0.7,0.2,11.1,0.5,36,0.7,4
DR094,Jotang segar,34,1.9,0.3,7.1,3.5,162,4,59
GP071,Jukku pallu kaloa masakan,15,15.2,4.3,8.8,0,40,1.1,605
DR095,Kabau segar,130,6.7,0.3,25.2,2.9,4,0.5,1
BR012,Kaburan ubi segar,133,1,0.2,32.2,0.7,65,0.6,10
BP031,Kabuto,250,2.6,2.5,35.4,1.8,35,1.1,2
CR001,Kacang arab kering,330,23.8,1.4,60.2,17.4,57,4.7,24
CP031,Kacang atom,533,27.8,38.1,28.8,2.5,87,3,0
CR002,Kacang babi kering,341,30.4,3.2,51.3,4.5,178,6.8,13
CR003,Kacang belimbing kecipir kering,400,34.4,16.9,34.1,10.7,468,6.8,37
CP001,Kacang belimbing kecipir rebus,204,16.9,8.8,17.5,4.8,230,3.3,43
CR004,Kacang beracun segar,118,4.4,1.5,21.6,0,50,1.7,10
CP002,Kacang bogor goreng,479,12.7,23.2,58.9,1.2,135,2.9,0
CR005,Kacang bogor kering,370,16,6,65,26.3,85,4.2,44
CP003,Kacang bogor rebus,161,7.7,2.8,27.1,2,56,1.4,0
CR006,Kacang bogor segar,165,7.7,3.1,27.4,2.5,96,5.3,6
CR007,Kacang endel biji kering,331,25,1,58,23.6,80,5,12
CR008,Kacang ercis segar,129,12.4,0.7,18.3,28.6,40,2.3,4
CR009,Kacang galing segar,336,23.1,1.7,59.5,0,80,5,0
CP032,Kacang goyang,516,14.7,31.1,44.4,0,34,0.7,2
CR010,Kacang gude biji kering,316,20.7,1,58,4.6,146,4.7,16
CR011,Kacang gude biji segar,114,7,0.6,20.8,4.4,3,1.5,4
CP004,Kacang gude rebus,147,9,0.5,27.5,3.4,50,2,14
CR012,Kacang hijau var. bakti kering,350,17.1,1.8,70.7,5.7,94,4.9,46
CR013,Kacang hijau var. siwalik kering,339,20.8,2.1,64.6,7.4,122,4.9,45
CR014,Kacang hijau kering,323,22.9,1.5,56.8,7.5,223,7.5,42
CP005,Kacang hijau rebus,109,8.7,0.5,18.3,1.5,95,1.5,447
CR015,Kacang hitam kering,346,16.6,1.7,66.1,22.8,70,4.7,3
CR016,Kacang kapri segar,98,6.7,0.4,17.7,6.2,22,1.9,6
CP006,Kacang kedelai goreng,521,32.2,37.7,22.9,7.6,296,6.5,3.49
CR017,Kacang kedelai kering,381,40.4,16.7,24.9,3.2,222,10,210
CP007,Kacang kedelai rebus,189,20.2,8.2,12.7,1.6,91,3.9,181
CR018,Kacang kedelai segar,286,30.2,15.6,30.1,0,196,6.9,28
CR019,Kacang kincai kering,444,19.9,16,55,0,26,0,0
CR020,Kacang komak segar,327,16.4,4.3,55.8,0.5,74,4,22
CR021,Kacang kuning kering,355,17,2.5,66,15.1,140,5.8,1
CR022,Kacang lebui iris kering,346,16.5,1.5,66.6,37.3,144,3.4,17
DR096,Kacang mekah polong segar,22,1.1,1,3.4,1.1,63,1,2
CR023,Kacang mentega kering,344,16.7,2.1,64.6,13,110,6.7,1
CP008,Kacang merah kering rebus,158,10.3,0.9,28.2,2.6,160,3.7,6
CP009,Kacang merah segar rebus,144,10,1,24.7,3.5,144,2.8,6
CR025,Kacang merah tua kering,280,16.7,1.6,63.2,4.6,209,6.4,0
CR026,Kacang merah kering,314,22.1,1.1,56.2,4,502,10.3,11
CR027,Kacang merah segar,171,11,2.2,28,2.1,293,3.7,7
CR024,Kacang merah banda kering,350,13.9,3,66.9,26.3,84,6.8,19
CP010,Kacang mete biji jambu monyet goreng,629,20.4,56.3,19.8,1.1,502,8,13
CR028,Kacang mete biji jambu monyet segar,616,16.3,48.4,28.7,0.9,26,3.8,26
CP033,Kacang negara,480,18.4,19.1,58.5,11.7,34,10.3,1.01
CR029,Kacang panjang biji kering,357,17.3,1.5,68.6,10.6,163,6.9,16
DP011,Kacang panjang kukus,39,3,0.6,7.6,1.7,100,1.2,28
DP012,Kacang panjang rebus,30,2.3,0.4,5.8,1.4,71,0.8,24
DR097,Kacang panjang segar,31,2.3,0.1,5.3,2.7,60,0.6,30
DR098,Kacang ranti polong,37,3.1,0.2,7.9,2.5,103,0.8,0
CP034,Kacang sukro,484,8.8,26.1,57.7,1.8,49,2.5,0
CP011,Kacang tanah rebus dg kulit,360,13.5,31.2,12.8,0,42,1.4,32
CR030,Kacang tanah sangan,560,29.5,43,24.1,2.9,107,4.1,34
CR031,Kacang tanah sangan tanpa selaput,559,26.9,44.2,23.6,2.6,74,1.9,33
CP035,Kacang tanah sari,561,25.5,43.8,26,2.2,50,3.1,0
CP012,Kacang tanah goreng,564,25.5,44.4,25.5,2.8,106,4.1,0
CR032,Kacang tanah kering,525,27.9,42.7,17.4,2.4,316,5.7,31
CP013,Kacang tanah rebus,220,10.6,18,8,1,89,1.9,36
CR033,Kacang tolo tunggak kering,331,24.4,1.9,56.6,1.6,481,13.9,15
CP014,Kacang tolo tunggak rebus,138,10.7,1.1,22.6,0.9,165,4,13
CR034,Kacang tunis kering,351,12.2,1.2,72.9,29.5,120,6.9,1
CR035,Kacang uci kering,358,23.4,2.4,60.6,7.4,269,0.5,13
CR036,Kacang urei kering,354,12.8,1.8,69.3,26.1,220,5.1,1
DP035,Kadada katembe,110,4.5,6.9,7.1,3.9,26,0,178
GP072,Kaholeo masakan,413,28.7,19.8,29.8,0,909,0,0
AP054,Kakicak,296,3.4,15.1,36.7,0,0,0,0
DR099,Kalakai segar,38,2.4,0.2,6.6,5.8,18,1.1,7
FP049,Kalio ayam masakan,203,16,13.5,4.4,0,278,4.2,534
FP050,Kalio jeroan masakan,163,16.5,9,4.1,0,102,7.1,570
FP051,Kalio kikil tunjang masakan,122,13.8,5.7,3.9,0,154,3.4,519
FP052,Kalio otak masakan,157,8.1,8.8,11.4,0,212,3.3,604
HP007,Kalio telur masakan,193,10.6,12.4,9.7,0,148,3.8,540
FR019,Kambing daging segar,149,16.6,9.2,0,0,11,1,96
AP055,Kambose,164,3,2.4,32.6,4.3,16,0.7,0
DR101,Kangkung tondano,43,1.8,0.2,8.4,4.3,72,0.7,30
DP013,Kangkung kukus,30,3.2,0.7,4.7,1.8,70,4.4,45
DP014,Kangkung rebus,22,2.5,0.6,3.1,1.2,50,3.5,31
DR100,Kangkung segar,28,3.4,0.7,3.9,2,67,2.3,65
DP036,Kaparende sayur,38,2.4,2,2.6,1.5,126,0,170
DR102,Kapri muda segar,45,3.3,0.2,9,1.8,51,1,2
BP032,Kapurung,41,2,0.3,7.8,2,34,0.3,185
AP056,Kapusa,158,4.4,3.2,27.8,5.3,79,1.2,104
DR103,Karawila,25,2.3,0.2,3.5,2.1,25,0.3,8
DP037,Karedok sayur,92,2.2,3.3,14.1,1.4,174,2.4,0
ER042,Kawista segar,120,3.5,2.5,20.8,4.6,190,1.6,9
NP005,Kecap,71,5.7,1.3,9,0,123,5.7,1.11
BP033,Kecimpring singkong goreng,464,1.2,18.6,73,1.3,82,3.4,0
DR104,Kecipir muda segar,32,2.9,0.2,5.8,5.5,63,0.3,3
DR105,Kecombrang segar,34,0.9,1,6.7,2.6,60,1,47
AP057,Keddo bodong,290,4.6,5.7,55.2,0,0,0,0
ER043,Kedondong masak segar,46,1,0.1,10.3,2.6,15,2.8,2
ER044,Kedondong segar,47,0.5,0.2,10.4,2.7,7,0.8,2
JP003,Keju,326,22.8,20.3,13.1,0,777,1.5,1.41
CP036,Keju kacang tanah peanut butter,590,27,49,20.9,1.6,60,2,355
ER045,Kelapa hutan kering,623,2,52.1,36.5,15.3,120,3.8,100
QR001,Kelapa muda air segar,17,0.2,0.1,3.8,0,15,0.2,1
ER046,Kelapa muda daging segar,68,1,0.9,14,0,7,1,18
KR001,Kelapa setengah tua daging segar,180,4,15,10,2.4,8,1.3,4
KR002,Kelapa tua daging segar,359,3.4,34.7,14,4.7,21,2,3
DR106,Kelawikluwih segar,118,1.5,0.3,27.2,5,28,0.9,2
AP058,Kelepon kue,215,3.7,3.7,41.8,1,232,3.3,0
FR020,Kelinci daging segar,142,16.9,7.8,0,0,7,1,49
ER047,Kemang segar,48,1,0.2,11.9,1.7,10,0.1,2
DR113,Kembang Kol,25,2.4,0.2,4.9,1.6,22,1.1,47
CP037,Kembang tahu,380,48.9,13.8,23.3,0,378,2.1,55
CP038,Kembang tahu rebus,90,10.7,4,4.7,0,85,0,0
DR107,Kembang turi segar,51,1.8,0.6,9.6,5,23,0.9,22
NR019,Kemiri,675,19,63,8,3,80,2,25
CR037,Kenari banda kering,616,13.9,56.2,13.7,0,0,1.4,11
CR038,Kenari kering,657,15,66,13,0,92,7.7,3
BR014,Kentang hitam segar,142,0.9,0.4,33.7,5.4,34,0.2,22
BR013,Kentang segar,62,2.1,0.2,13.5,0.5,63,0.7,7
GR037,Keong segar,64,12,1,2,0,217,1.7,231
JR001,Kepala susu - krim segar,204,2.6,20,4,0,97,0.1,0
GR038,Kepiting segar,151,13.8,3.8,14.1,0,210,1.1,0
GP044,Kerang asap mentah,393,38.9,13.3,29.4,0,420,8.5,160
GP045,Kerang dendeng mentah,357,41.1,10,25.6,0,217,5.2,0
GR039,Kerang segar,101,14.4,2.6,3.9,0,321,15.6,0
FR021,Kerbau daging segar,79,18.7,0.5,0,0,14,3.3,91
BP034,Keremes,475,1.6,25.2,64.4,2.1,153,1,0
AP059,Kereput,580,4.8,39.6,51.1,0,0,0,0
BR015,Keribang ubi segar,137,1.3,1.1,29.8,0.6,45,0.8,10
DP038,Keripik bayam,586,4.9,40.6,50.2,0.5,236,3.6,0
BP035,Keripik gadung,446,2.8,14.5,76,1.7,147,1.9,0
BP036,Keripik kentang,448,2.7,18.8,67.1,3.8,25,1.2,712
EP004,Keripik lampung,485,1.7,22.2,69.7,0.6,43,0.8,0
CP039,Keripik oncom,598,8.3,43.8,42.6,3.3,85,27,0
BP037,Keripik singkong,478,0.9,20.7,72,2,189,1.9,0
BP038,Keripik singkong berbumbu,481,2.2,19.7,73.6,1.6,156,1.6,0
CP040,Keripik tempe,581,12.1,40.6,41.7,2.2,237,6.9,0
CP041,Keripik tempe abadi besar,556,15.8,37.1,39.8,3.5,112,5.4,0
CP042,Keripik tempe abadi murni,542,40.3,42.4,11.6,2.2,175,5.2,0
CP045,Keripik tempe abadi prima,540,16.7,33.9,42,2.2,92,3.2,0
CP043,Keripik tempe abadi sedang,510,12.3,27.9,52.4,3.6,122,8.4,0
CP044,Keripik tempe abadi telur,529,20.8,31.7,40.2,3,124,5.4,0
BP039,Keripik ubi,486,0.2,23.9,67.6,14.3,68,0.9,52
DR108,Kerokot segar,26,1.7,0.4,3.8,1,103,3.6,4
BP040,Kerupuk cumi goreng,444,6.9,14.6,71.3,5,47,1.8,837
BP041,Kerupuk kemplang ikan mentah,325,1.8,0.4,78.5,4.5,59,2.3,1.12
BP042,Kerupuk kemplang goreng,504,5.6,28.1,57.1,0.3,50,2.9,0
BP043,Kerupuk kemplang panggang,356,9.7,1.1,76.9,1,62,2.9,0
BP044,Kerupuk mie kuning goreng,476,0.1,21.1,71.3,4.2,57,4.6,0
BP045,Kerupuk udang goreng,477,4.7,20.5,68.5,5,24,0.9,449
FP007,Kerupuk urat,588,53.7,40.9,1.2,0,36,1.3,1.02
ER048,Kesemek segar,78,0.8,0.4,20,0.6,6,0.3,0.3
AP015,Ketan hitam matang,181,4,1.2,37.3,0.3,9,1.7,9
AP017,Ketan putih matang,163,3,0.4,35.7,0.2,4,0.7,8
BR016,Ketela pohon singkong segar,154,1,0.3,36.8,0.9,77,1.1,2
BP008,Ketela pohon singkong kukus,153,1.2,0.3,36.4,1.3,56,0.4,2
DR110,Ketimun krai segar,10,0.5,0.2,2,0.6,20,1,10
DR111,Ketimun madura segar,9,0.5,0.1,1.9,0.7,15,0.6,2
DR109,Ketimun segar,8,0.2,0.2,1.4,0.3,29,0.8,2
AP060,Ketoprak,153,7.9,7.7,13,2.9,153,3.4,0
NR020,Ketumbar kering,418,14.1,16.1,54.2,12.3,630,17.9,91
AP061,Ketupat kandangan,109,2.2,5.2,13.4,0,0,0,0
AP014,Ketupat ketan,212,4,4.6,38.6,0.2,8,1,0
NR021,Kluwek,310,10,24,13.5,0,40,2,0
GR042,Kodok segar,73,16.4,0.3,0,0,18,1.1,0
ER049,Kokosan segar,86,1.6,0.2,13,1.4,22,1.3,2
DR114,Kol merah kol putih,29,1.4,0.2,5.3,1.9,46,0.5,28
CR039,Komak polong segar,99,3.3,0.1,21.2,10.3,50,13.1,15
DR112,Komak segar,99,3.3,0.1,21.2,10.3,50,13.1,15
MP009,Kopi bubuk instant,129,12.3,0.5,35,0,179,5.6,72
CR040,Koro andong kering,356,20.5,4.1,61.6,7,150,6.2,18
CR041,Koro benguk biji kering,332,24,3,55,5.6,30,2,42
CR042,Koro kerupuk biji segar,125,8.3,0.7,22.1,2.2,17,2.7,16
DR115,Koro kerupuk polong,128,8.3,0.7,22.1,0,17,2.7,0
CR043,Koro loke biji segar,33,2.7,0.2,7.9,3.5,60,2,2
CR044,Koro roay kering,344,12.5,2.1,69.4,7.5,70,4.4,18
CR045,Koro wedus biji kering,338,22.2,1.5,61,5.8,88,3.5,43
DR116,Koro wedus polong,46,3,0.3,7.9,3.3,56,1.1,2
DP039,Kotiu hinela tawang nggole,46,2.2,1.5,6,3.8,64,0,316
AP062,Koya,366,4.2,4.3,77.5,0.8,153,7,0
AP063,Koya mirasa,370,8,1,82.2,0.4,83,17,0
AP064,Koyabu,241,3.4,4.3,47.2,0,0,0,0
ER050,Kranji segar,315,2.1,1.4,73.5,0,160,3.7,0
DR118,Kucai muda Lokio segar,42,3.8,0.6,7.8,4.9,76,2.5,22
DR117,Kucai segar,45,2.2,0.3,10.3,4.8,52,1.1,21
FR022,Kuda daging segar,113,18.1,4.1,0.9,0,10,2.7,46
AP065,Kue ali,440,3.8,18.5,64.5,0.3,27,2.5,0
AP066,Kue bangen,442,3.3,14.7,74.2,0,0,0,0
BP046,Kue bangket,338,1.5,1.2,80.3,0,34,0.3,67
AP067,Kue gelang,448,5.8,16.1,70,0,0,0,0
AP068,Kue jahe,425,1.6,8.8,84.6,1.2,155,4,0
AP069,Kue kelapa,591,5.6,42.1,47.5,0,32,1.6,33
AP070,Kue koa,340,4.8,0.4,79.3,0,0,0,0
AP071,Kue ku temu,214,3.5,0.2,49.6,0,0,0,0
AP072,Kue lumpur,291,3.6,11.1,44.1,0,96,2.3,0
AP073,Kue pelita,141,5.3,5.5,17.6,0,0,0,0
AP074,Kue putu cangkir,304,5.3,7,54.9,0.9,18,4,0
BP047,Kue putu singkong,217,1.2,0.5,53.2,2.4,48,1.5,3
AP075,Kue sus,221,7.5,10.2,24.8,0,105,2.5,0
AP076,Kue thipan,247,2.9,4.2,49.5,0,16,1.8,95
DR119,Kulit melinjo,111,4.5,1.1,20.7,5,117,2.6,0
DR120,Kundur segar,22,0.4,0.2,4.7,1.3,3,0.5,2
NR022,Kunyit segar,69,2,2.7,9.1,0.6,24,3.3,6
GR043,Kura-kura segar,83,19.1,0.2,0,0,27,0.7,0
GR044,Kuro segar,87,16,2.2,1,0,75,1,0
CP046,Kwaci,515,30.6,42.1,13.8,13.6,54,6.2,124
JP004,Kwark Quark,242,19,17,3,0,300,0.5,37
DR121,Labu air segar,19,0.6,0.2,3.8,0.6,12,0.6,2
DR122,Labu kuning segar,51,1.7,0.5,10,2.7,40,0.7,280
DR123,Labu siam segar,30,0.6,0.1,6.7,6.2,14,0.5,3
DR124,Labu waluh segar,32,1.1,0.1,6.6,0.5,45,1.4,1
AP077,Laksa Putu mayang,121,1.7,3.4,21.1,0,0,0,0
CR046,Lamtoro biji muda segar,85,5.7,0.3,15.4,10.8,180,2.7,35
CR047,Lamtoro biji tua segar,148,10.6,0.5,26.2,17,155,2.2,28
CR048,Lamtoro var. gung tanpa kulit,367,46.4,5.4,32.5,2.6,136,23.3,65
CR049,Lamtoro var. lokal dengan kulit,336,23.8,1.2,59.7,15.4,867,1.5,134
ER051,Langsat segar,56,0.9,0.2,14.3,1.4,17,1.1,1
DR125,Lantar segar,34,2.2,0.3,5.5,2.9,10,0.4,3
BP048,Lanting getuk,422,0.9,10.8,80.4,1.4,206,3.6,0
AP078,Lapis legit,389,6.6,15.7,55.5,0.5,16,1.9,0
FP053,Lawar babi masakan,174,17,10,3,0,61,3,0
FP054,Lawar penyu masakan,141,23,1.5,7.6,0,69,6,0
FP055,Lawara jangang masakan,159,5,10.9,10.1,0,57,1.5,400
GP073,Lawara penjah masakan,207,7.4,15.4,9.6,0,114,5.9,683
EP005,Ledre pisang,405,4.8,5.1,84.9,0.4,59,2.6,0
DP040,Lema Rebung asam,15,1,0.4,1.9,0,17,2.9,3
KR004,Lemak babi bacon,626,9.1,65,1.1,0,13,0.8,0
KR003,Lemak babi lard,902,0,100,0,0,0,0,0
KR005,Lemak ikan,372,12,29.4,14.4,0,20,32.7,60
KR006,Lemak kerbau lemak sapi,818,1.5,90,0,0,0,0,29
ER052,Lemon segar,34,0.5,0.8,6.2,0.1,23,0.3,31
EP006,Lempog durian,320,3.5,5.7,63.7,4.9,190,2.5,0
BR017,Lepok Ubi rumput,181,2.8,1.2,39.8,10.7,7,3.1,116
DP041,Lilin bungkus gedi,79,2.3,5.2,5.8,2.5,170,0.9,170
DR126,Lobak segar,21,0.9,0.1,4.2,1.4,35,0.6,49
EP007,Loka anjoro,163,1.1,4.3,30,0,0,0,0
GR051,Lokan segar,217,11,1.7,5.1,0,20,10.9,3
ER053,Lontar segar,27,0.4,0.2,6,1.6,91,0.5,0
DR127,Lumai Leunca segar,38,1.1,0.3,7.6,2,7,1,2
AP079,Lupis ketan,164,1.8,2.1,34.5,0.7,119,1.5,0
MP010,Madu,294,0.3,0,79.5,0.2,5,0.9,6
AP019,Maizena tepung,341,0.3,0,85,7,20,1.5,6
AP020,Makaroni mentah,353,8.7,0.4,78.7,4.9,20,0.3,5
AP080,Manan samin,379,3.4,18.1,50.6,0,0,0,0
ER055,Mangga benggala segar,63,2.4,0.4,12.4,5.8,9,0.2,3
ER056,Mangga gedung segar,44,0.7,0.2,11.2,1.6,13,0.2,2
ER057,Mangga golek segar,63,0.5,0.2,16.7,2.3,14,0.7,3
ER058,Mangga harumanis segar,46,0.4,0.2,11.9,1.7,15,0.2,2
ER059,Mangga indramayu segar,72,0.8,0.2,18.7,2.5,13,1.9,3
ER060,Mangga kopek segar,56,0.4,0.2,14.6,2,16,1.7,2
ER061,Mangga kwini segar,86,0.7,0.5,19.8,6.5,11,0.2,1
ER062,Mangga manalagi segar,133,1,0.1,32.1,11.8,20,1,70
ER063,Mangga muda segar,59,0.5,0.4,15.1,0,12,0.4,2
ER054,Mangga segar,52,0.7,0,12.3,1.6,20,1,3
ER064,Manggis segar,63,0.6,0.6,15.6,1.5,8,0.8,10
KP001,Margarin,720,0.6,81,0.4,0,20,0,760
MP011,Markisa squash,217,2.5,1,49.6,0,6,0.6,14
MP012,Markisa squash BD,104,1.2,0.5,23.7,0,1,0.5,40
ER065,Markisa segar,144,3.5,1.2,29.8,11.4,27,1.4,37
AP081,Martabak india,153,4.5,4.2,24.3,0,14,2.4,240
AP082,Martabak mesir,278,5.1,8.6,45,0,49,3.4,193
AP083,Masekat,369,2.1,7,74.1,4,17,0.8,141
ER066,Matoa segar,90,1.2,0.1,21.1,0.5,20,0.6,10
MP013,Melase,276,0,0.1,71,0,6,0.6,14
CP047,Melinjo emping tebal goreng manis,439,10,16.4,65.7,0,66,0,0
CP048,Melinjo emping tebal goreng asin,431,11.1,16.2,63,0,77,0,0
CP049,Melinjo emping tipis goreng,485,11.5,24.5,59.1,0,85,0,0
DR128,Melinjo segar,66,5,0.7,13.3,0,163,2.8,0
ER067,Melon segar,37,0.6,0.4,7.8,1,12,0.4,167
FP008,Menjangan daging dendeng mentah,322,55.8,2,22.7,0,55,2.1,765
KP002,Mentega,742,0.5,81.6,1.4,0,15,1.1,653
ER068,Menteng segar,65,1.7,0.3,16.1,0,13,0.8,0
ER113,Mentimun Suri segar,16,1.3,0,2.1,0.9,768,0,0
NR023,Merica kering,365,11.5,6.8,64.4,1,460,16.4,4
AP021,Mi basah,88,0.6,3.3,14,0.1,14,6.8,63
BP049,Mi golosor,71,0.2,0.8,15.9,0.1,117,0.2,0
AP022,Mi kering,339,10,1.7,6.3,0.4,31,3.9,760
AP084,Mie aceh rebus,113,3,3.2,18.1,0,22,1.4,191
AP085,Mie ayam,102,6.2,3.9,10.5,0,262,1.8,279
AP086,Mie bakso,114,5.3,3,16.4,0.1,286,1.9,760
BP050,Mie Bendo,353,0.3,0,88,2.4,28,2.8,9
AP087,Mie celon,102,3,2.1,17.8,0,12,1.4,451
AP088,Mie pangsit basah,105,5.9,4.9,9.4,0,208,2,530
BP051,Mie Sagu,190,0.2,0.4,46.5,1.4,8,0.3,10
KR007,Minyak hiu hati,902,0,100,0,0,0,0,0
KR008,Minyak ikan,902,0,100,0,0,0,0,0
KR009,Minyak kacang tanah,902,0,100,0,0,0,0,0
KR010,Minyak kedelai,883,0,99.9,0,0,0,0,0
KR011,Minyak kelapa,870,1,98,0,0,0,0,0
KR012,Minyak kelapa sawit,884,0,100,0,0,0,0,0
KR013,Minyak wijen,881,0.2,99.7,0,0,10,0.1,2
KR014,Minyak Zaitun,884,0,100,0,0,14,1.2,7
AP023,Misoa,345,8.5,2.2,78,0.5,52,8.7,3.06
GP074,Model masakan,79,2.2,4,8.6,0,8,0.8,147
CP050,Moon tahu,128,8,10,1.3,0.2,205,2.5,393
DR129,Mostarda metan - sawi hijau,33,2.3,0.5,4.7,1.8,60,3.1,20
GP075,Mujahir acar kuning masakan,330,17.8,23.4,12.1,1.1,154,5.3,0
FP056,Naan maran sapi masakan,478,38.3,33.9,5.1,0,30,11.8,220
ER069,Nanas palembang segar,58,0.7,0.2,13.3,1.6,29,0.6,7
ER070,Nanas segar,40,0.6,0.3,9.9,0.6,22,0.9,18
ER071,Nangka masak pohon segar,106,1.2,0.3,27.6,3.7,20,0.9,2
DR130,Nangka muda segar,57,2,0.4,11.3,8.3,45,0.5,1
CR050,Nangka biji segar,165,4.2,0.1,36.7,1.8,33,1,69
AP001,Nasi,180,3,0.3,39.8,0.2,25,0.4,1
AP005,Nasi beras merah,149,2.8,0.4,32.5,0.3,6,0.8,5
AP089,Nasi gemuk,192,3.8,8.8,24.4,0.7,15,1,355
AP090,Nasi gurih,190,4.7,7.5,26,0.7,12,0.8,296
AP009,Nasi jagung,357,8.8,0.5,79.5,6.2,5,0.6,2
AP091,Nasi minyak,207,3.5,5,37.1,0.8,26,1.5,74
AP092,Nasi rames,155,10.3,4.2,19.1,0,239,1.8,265
AP002,Nasi tim,120,2.4,0.4,26,0.5,3,0.4,0
FP057,Nasu likku masakan,196,14.5,8.3,15.9,0,69,1,386
AP093,Nopia spesial,387,5.3,7.6,74.3,0.3,903,4.2,0
DP042,Olah-olah,9,2.1,6,7.1,4.4,26,1.2,289
CP051,Oncom,187,13,6,22.6,0,96,27,0
CP052,Oncom ampas kacang hijau,376,14.9,6,65.7,12.3,199,10.9,0
CP053,Oncom kacang hijau + singkong,351,11,5.3,65.9,9,164,7.8,0
CP054,Oncom kacang tanah pepes,132,12.7,3.8,13.7,3.1,133,34.4,0
AP094,Onde-onde,336,4,9.8,57.9,0,0,0,0
BP052,Ongol-ongol sagu,111,0.3,2.7,21.2,0.3,79,1.7,0
FP058,Oramu ninahu ndawa olaho masakan,117,13.7,5,4.3,0,964,2,0
BP053,Oyek,351,0.9,0.9,84.9,4.3,60,2.1,5
AP095,Padamaran,171,3.9,8.9,18.8,0,0,0,0
DP043,Paku hinela wulelenggapaya,77,3.5,4.6,5.4,3.6,63,0,469
NR024,Pala biji kering,518,7.5,36.4,40.1,3.5,120,4.6,2
ER072,Pala daging segar,42,0.3,0.2,10.9,0.5,32,1.5,0
FP059,Paniki masak santan masakan,460,28.5,35.2,7.2,0,188,5.5,2
BP054,Papeda,61,0.2,0.1,14.9,0.5,3,0.2,4
GP076,Parede baleh masakan,87,10.5,2.5,5.5,0,35,0.9,416
DP015,Paria putih kukus,16,0.8,0.2,3.4,1.2,16,0.5,4
DR131,Paria putih segar,19,1,0.4,3.6,1.3,31,0.9,5
AP096,Pastel,307,4.5,13.3,42.4,0,296,2.5,0
DP044,Pelecing kangkung,75,2.5,2.8,10,5.4,36,2.1,408
FP060,Pelolah manuk masakan,219,19.7,13.6,4.4,0,33,1.6,577
GP077,Pempek adaan,162,4.9,3,27.8,0,26,1,488
GP078,Pempek belida,156,4.2,1.4,31.6,0.2,100,3.3,0
GP079,Pempek kapal selam,152,4.5,2.3,28.2,0,19,1.6,628
GP080,Pempek kelesan,211,12.3,6.1,26.6,0.4,840,1.8,0
GP081,Pempek kulit,243,5.2,7.3,39.1,0,16,2,555
GP082,Pempek telur,156,4.7,2.7,28.3,0,13,1.3,448
GP083,Pempek tenggiri,173,7.2,1.2,33.4,0.2,164,3.1,0
GP084,Pencok lele masakan,372,7.8,36.3,3.5,0,289,5.3,0
FP066,Penyu serapah masakan,174,13.1,12.2,2.2,0,72,9.5,0
DR132,Pepare ular segar,19,0.6,0.1,3.9,1,20,0.4,130
DR133,Pepaya muda segar,29,2.1,0.1,4.9,2.1,50,0.4,22
ER073,Pepaya segar,46,0.5,12,12.2,1.6,23,1.7,4
CP019,Pepes oncom ampas tahu,76,5.2,1.8,10.6,2.2,215,12.5,0
DR134,Petai segar,92,5.4,1.1,15.2,2,14,1.6,55
DR135,Peterseli segar,53,3.7,1,9,0,193,4.3,18
NP006,Petis ikan,165,20,0.2,20.8,0,37,2.8,0
NP007,Petis udang kering,345,23.8,1.4,59.3,0,221,3.8,12
NP008,Petis udang pasta,220,15,0.9,38,2.3,37,2.8,7.98
GP085,Pinda masakan,107,15.9,0.6,0.4,0,375,1.9,526
GP086,Pindang kenari masakan,124,9.5,9.6,0,0,120,1.3,370
ER074,Pisang ambon segar,108,1,0.8,24.3,1.9,20,0.2,10
ER075,Pisang angleng pisang ampyang segar,68,1.3,0.2,17.2,0.8,10,0.6,23
ER076,Pisang ayam segar,120,1.1,0.2,26.8,4.1,20,0.4,6
ER077,Pisang gapi segar,127,2.1,0.3,31.1,11.7,0,0.3,40
ER078,Pisang goroho segar,115,1.9,0.2,27.9,4.6,0,0.2,36
ER079,Pisang hijau segar,117,2,0.3,28.9,0.4,0,0.9,31
ER080,Pisang kayu segar,100,1.4,0.5,23.6,2.6,15,0.1,1
ER081,Pisang kepok segar,109,0.8,0.5,26.3,5.7,10,0.5,10
ER082,Pisang ketip segar,145,1.1,0.3,34.5,6.6,5,0.1,4
ER083,Pisang kidang segar,96,1,0.2,22.5,0.6,87,0.6,6
ER084,Pisang lampung segar,99,1.3,0.2,25.6,4.3,10,0.9,28
ER085,Pisang mas bali ampenan segar,92,1.4,0.2,21,3.7,7,1.2,32
ER086,Pisang mas bali kopang segar,127,1.4,0.2,31.8,3.7,10,0.1,43
ER087,Pisang mas segar,127,1.4,0.2,33.6,1.4,7,0.8,42
ER088,Pisang raja sereh segar,108,1.3,0.3,28.2,0.7,16,0.1,31
ER089,Pisang raja segar,120,1.2,0.2,31.8,5.3,10,0.8,35
ER090,Pisang rotan segar,98,1.3,1.2,20.5,1,17,1.1,24
ER091,Pisang talas segar,113,1.2,0.2,26.7,4.4,22,0.6,29
ER092,Pisang tujuh bulan,94,0.6,0.2,22.5,3.7,50,0.2,0
ER093,Pisang ua segar,128,0.8,0.5,30.2,8.1,12,0.7,33
ER094,Pisang uli segar,134,1.1,0.5,35.5,1.4,31,0.9,39
DR136,Pucuk lumai daun leunca segar,33,4.5,0.4,2.8,0,13,2.9,2
AP097,Pulut,216,2.6,3.1,44.4,0,6,3.8,100
FP009,Punai daging goreng,224,26.2,11.3,4.4,0,362,3.1,2
AP098,Pundut nasi,104,1.9,4.1,15.1,0.4,26,1.5,74
DP045,Purundawa,25,1.5,0.5,3.6,1.7,147,0,239
ER095,Purut segar,76,4.1,1.1,15.2,1.7,30,0.6,10
AP99,Putri hijau,189,5.4,2.1,37.2,0,0,0,0
DR137,Putri malu segar,76,3.6,0.3,14.6,7.1,119,3.3,1
AP100,Putri selat,163,2.2,6.5,23.8,0,72,4,6
AP101,Putu sopa,215,3.3,4.1,41.1,0,0,0,0
GR063,Rajungan segar,76,12.1,2,2.4,0,721,2.2,69
ER096,Rambutan binjai segar,76,0.5,0.2,18,3.8,15,1.2,22
ER097,Rambutan segar,69,0.9,0.1,18.1,0.8,16,0.5,16
BP055,Rasbi Beras Ubi,394,2.2,8.8,76.6,6.8,68,1.6,165
BP056,Rasi Beras Singkong,350,0.9,0.4,85.7,14.4,42,1.5,8
FP061,Rawon masakan,60,5.4,2.5,4,0.3,272,3.3,0
GP046,Rebon kering mentah,299,59.4,3.6,3.2,0,2.31,21.4,0
GR064,Rebon udang kecil segar,81,16.2,1.2,0.7,0,757,2.2,169
GP047,Rebung laut mentah,320,7.2,4.2,63.3,0,240,6.6,20
DR138,Rebung segar,25,0.8,0.1,5.3,9.7,3,0.5,3
CP055,Rempeyek kacang tanah,513,17.5,32.5,44.3,1.7,65,2.6,0
CP056,Rempeyek kacang tolo,451,11.2,20.2,59.7,1.8,156,4.6,0
CP057,Rempeyek kacang uci,497,17,27.6,50.8,2.4,166,6.7,0
FP062,Rendang sapi masakan,193,22.6,7.9,7.8,0,474,14.9,0
AP102,Renggi goreng,471,4.7,21.8,64.1,6.4,4,1.1,126
EP008,Rica-rica taipa,49,1.6,0.3,10,0,11,3,426
DR139,Rimbang segar,75,1.6,0.6,15.8,10,55,0.6,20
AP103,Roti boong,341,5.5,16.2,43.3,0,15,1.1,161
AP024,Roti putih,248,8,1.2,50,9.1,10,1.5,530
AP104,Roti warna sawo matang,249,7.9,1.5,49.7,0,20,2.5,500
EP009,Rujak aceh,82,0.4,0.3,19.7,2.4,0,0,0
DP046,Rujak cingur,153,11.3,8.4,8,1.4,256,4.4,0
DR140,Rumput laut,41,1.4,0.3,8.1,2.2,80,1.6,250
FP010,Rusa daging dendeng mentah,536,40.5,41.5,0,0,90,13.4,130
GP048,Rusip,110,11.5,2,11.7,0,479,7.1,0
FP063,RW anjing masakan,198,24.6,10.7,0.9,0,1.07,4,1.6
GP087,Saboko gurita masakan,87,15.7,1.5,2.6,0,60,2.1,200
GP088,Saboko saltan masakan,113,17.1,3.6,3,0,240,0.5,40
GP089,Saboko sardin masakan,110,12.9,4.3,4.9,0,220,6,200
CR051,Saga merah terkupas mentah,449,30.6,25.5,31.9,3.5,1.06,14.2,66
BR018,Sagu aren kering,355,0.6,1.1,85.6,0.3,91,2.2,2
BR019,Sagu aren segar,231,0.6,0.2,56.6,3.2,20,0.1,7
BP057,Sagu forno,291,0.5,4,63.4,0,10,0.8,40
BR020,Sagu kasbi segar,230,0.6,0.2,56.5,3,20,0.3,100
BP058,Sagu Lemak Kue Sagon,452,2.8,14.8,76.8,1.1,15,1.1,182
BR021,Sagu lempeng,347,0.9,0.3,85.2,4.7,30,0.2,11
BP059,Sagu manis,287,0.5,3.9,62.4,0,8,0.7,34
BP060,Sagu Rendang,364,0.1,0.2,90.5,1.9,13,3.9,42
BR022,Sagu singkong kering,362,0.5,0.3,86.9,0,0,0,0
BP061,Sagu sinole,354,0.8,8.3,68.9,0,10,0.8,30
ER098,Salak bali segar,57,0.5,0.1,13.6,1.3,94,2.1,0
ER099,Salak medan segar,55,0.4,0.2,12.8,3.2,6,0.5,39
ER100,Salak pondoh segar,87,0.8,0.4,20.1,0,38,3.9,0
ER101,Salak segar,77,0.4,0,20.9,0,28,4.2,0
EP010,Sale kesemek,296,1.1,0.6,71.4,0,0,0,0
EP011,Sale pisang siam,281,2.4,0.7,66.1,1,41,1.2,0
EP012,Sale pisang cilacap,295,2.3,2.1,66.9,1.3,47,2.8,0
EP013,Sanggara belanda,242,6.4,7.1,38.2,0,0,0,0
KP003,Santan dengan air,122,2,10,7.6,1.4,25,0.1,9
KP004,Santan murni,324,4.2,34.3,5.6,0,14,1.9,18
NP009,Saos tomat,110,2,0.4,24.5,0.9,12,0.8,890
FP011,Sapi abon,212,18,10.6,59.3,7.5,150,12.3,0
FP012,Sapi abon asli,358,14.6,16.1,38.6,2.5,165,14.6,0
FR023,Sapi babat segar,108,17.6,4.2,0,0,12,1,147
FP013,Sapi daging asap,182,32,6,0,0,15,5,1.62
FP014,Sapi daging dendeng mentah,301,55,9,0,0,30,5.1,0
FR024,Sapi daging gemuk segar,273,17.5,22,0,0,10,2.6,93
FP015,Sapi daging kornet,289,16,25,0,0,10,4,794
FR025,Sapi daging kurus segar,174,19.6,10,0,0,11,2.9,83
FR026,Sapi daging lemak sedang segar,201,18.8,14,0,0,11,2.8,105
FP016,Sapi daging sosis Worst,448,14.5,42.3,2.3,0,28,1.1,765
FR027,Sapi daleman segar,183,12,14.4,1.4,0,43,1.8,277
FR028,Sapi dideh darah,98,21.9,1.1,0,0,7,1.3,150
FR029,Sapi ginjal segar,137,15,8.1,0.9,0,9,7.9,200
FP017,Sapi hati sosis liverworst,274,16,22,3,2.3,20,4,654
FR030,Sapi keleponan segar,84,10.5,4.6,0.2,0,20,2.1,73
FR031,Sapi liver segar,132,19.7,3.2,6,0,7,6.6,110
FR032,Sapi otak segar,123,10.4,8.6,0.8,0,16,3.6,112
FP018,Sapi paru dendeng mentah,360,57.3,6,19.2,0,126,21.1,1.48
FP019,Sapi paru goreng,268,23.9,12.7,14.5,0,102,8.8,923
FR033,Sapi usus segar,126,14,7.2,1.5,0,14,4,0
GP049,Sardines dalam kaleng,338,21.1,27,1,0,354,3.5,0
CP059,Saridele bubuk,344,30,20,43,6.2,450,4,56
AP105,Sarimuka,166,2.3,2.8,32.9,0,36,2,3
GP090,Sate Bandeng,283,12.1,16.8,20.9,2,118,1.2,543
FP065,Sate pusut masakan,274,12.9,18.6,13.6,0,63,2.7,609
FP064,Sate penyu masakan,179,22.5,3.5,13.3,0,187,14.4,0
DR142,Sawi putih pecai segar,9,1,0.1,1.7,0.8,56,1.1,5
DR143,Sawi taiwan segar,30,1.9,0.5,4.4,2.7,100,1.6,27
DR144,Sawi tanah segar,19,1.3,0.2,2.9,2.2,92,1.2,17
DR141,Sawi segar,28,2.3,0.3,4,2.5,220,2.9,22
ER102,Sawo duren segar,64,1,3.1,8,0.8,18,0.8,13
ER103,Sawo kecik segar,111,0.9,2.3,21.6,1,20,0.7,28
ER104,Sawo Manila segar,92,0.5,1.1,22.4,9.5,25,1,26
DP047,Sayur asem,29,0.7,0.6,5,0.6,40,3.1,0
DP048,Sayur bunga pepaya,49,1.7,0.3,9.8,2.7,220,1.3,90
DP049,Sayur garu,178,2.6,13.9,10.6,8.4,30,0.9,20
DP050,Sayur kohu-kohu,133,7.3,6.6,11.2,1.2,40,0.2,20
CP058,Sayur lebui,64,2.1,0.6,12.5,5.7,21,1,124
DP051,Sayur lilin-terubuk,36,2.7,0.7,4.8,1.4,10,0.1,30
DP052,Sayur ndusuk,49,3.1,2.5,3.6,0,11,0.5,1.01
DP053,Sayur sop,27,1.3,2,1,0.3,168,1.8,0
DP054,Sayur umbut kelapa,67,5.2,2.9,5.1,1.4,48,3.2,313
DP055,Sayur umbut rotan,57,5.4,2.6,3.1,1.6,184,1.2,256
DR146,Selada air segar,17,3.1,0.2,2.2,0.7,95,2.4,65
DP016,Selada rebus,19,2.7,0.2,2.9,0.7,83,1.4,24
DR145,Selada segar,18,1.2,0.2,2.9,1.8,22,0.5,19
DR147,Seledri segar,23,1,0.1,4.6,2,50,1,64
ER105,Semangka segar,28,0.5,0.2,6.9,0.4,7,0.2,7
DP057,Semur jengkol,212,6,10,29.1,0,77,1,0
BR023,Sente talas segar,353,0.7,0.2,84.7,6.6,11,1.5,30
GP091,Sepi masakan,88,7.9,1.6,10.6,0,924,2.3,873
BP062,Serimping talas kebumen,478,2.5,21.2,69.2,1.7,112,2.3,0
DP056,Shabu-shabu,88,3.2,8,0.8,0.9,217,2.9,514
FP067,Sie reuboh masakan,474,11.2,42.5,11.7,0,26,1.3,677
ER106,Sirsak segar,65,1,0.3,16.3,3.2,14,0.6,2
MP014,Sirup,213,0,0,55,0,0,0,3
MP015,Sirup pirous,228,0.2,0.4,55.9,0,470,29.5,3
FP068,Sop buntut masakan,71,7.5,3.6,2.2,0,286,3.2,490
FP069,Sop daging sapi masakan,49,5.8,0.5,5.3,0,158,2.2,391
FP070,Sop kaki sapi masakan,68,9,1.9,3.7,0,302,2.2,435
FP071,Sop kambing masakan,34,5.5,0.8,1.1,0,145,1.6,348
FP072,Sop konro masakan,71,7.4,2.6,4.5,0,17,4.6,184
FP073,Sop saudara masakan,89,7.2,5,3.9,0,10,9,274
FP074,Soto bandung masakan,42,3.9,1.7,2.8,0.4,74,1.8,0
FP075,Soto banjar masakan,110,2.9,9.5,3.2,0,28,0.3,36
FP076,Soto betawi masakan,135,2.5,8.8,11.5,0.5,222,1.9,0
FP077,Soto jeroan masakan,92,11.8,4.3,1.4,0,218,1.9,363
FP078,Soto kudus masakan,38,2.6,2.3,1.8,0.2,237,1.7,0
FP079,Soto madura masakan,60,3.5,4.5,1.3,0,361,3.8,0
FP080,Soto padang masakan,127,5.9,6.6,11,0.7,298,1.5,0
FP081,Soto pekalongan masakan,94,3,6.8,5.1,0.3,322,2,0
FP082,Soto pemalang masakan,75,3.6,5.2,3.5,0,170,2.1,0
FP083,Soto sukaraja masakan,80,3.2,3.5,9,0.3,347,2.3,0
FP084,Soto sulung masakan,86,2.3,8.5,0,0,200,2.9,0
ER107,Sowa segar,48,1.6,0.6,9.1,45,50,0.3,9
AP106,Spaghetti,139,7.4,2.1,22.6,0,109,4.7,0
AP107,Srikaya ketan,265,2.7,6.4,49.1,0,0,0,0
ER108,Srikaya segar,63,1.1,0.5,13.9,2.1,127,2.7,0
FP085,Sukiyaki masakan,75,5.6,0.4,12.2,0.2,109,0.5,426
ER109,Sukun muda segar,119,1.4,0.2,28.1,1.4,24,1.4,24
ER110,Sukun tua segar,126,1.6,0.2,24.5,1.5,37,1.6,25
AP108,Sunduk lawang,181,1.9,1.3,32.4,0,0,0,0
JP005,Susu asam untuk bayi bubuk,418,19,9,65.5,0,800,7,188
JP006,Susu bubuk,513,24.6,30,36.2,0,904,0.6,380
JR002,Susu ibu - ASI,62,1.5,3.2,7,0,34,0.2,15
JR003,Susu kambing segar,64,4.3,2.3,6.6,0,98,2.7,35
CP060,Susu kedelai,41,3.5,2.5,5,0.2,50,0.7,128
JP007,Susu kental manis,343,8.2,10,55,0,275,0.2,150
JP008,Susu kental tak manis,138,7,7.9,9.9,0,243,0.2,140
JR004,Susu kerbau segar,160,6.3,12,7.1,0,216,0.2,82
JR005,Susu kuda segar,40,2,1.1,5.4,0,0,0,0
JR006,Susu sapi segar,61,3.2,3.5,4.3,0,143,1.7,36
JP009,Susu skim bubuk,359,35.6,1,52,0,1.3,0.6,470
JP010,Susu skim segar,36,3.5,0.1,5.1,0,123,0.1,38
BP009,Suweg talas kukus,93,1.5,0.1,21.9,0.9,50,0.8,6
BR024,Suweg talas segar,74,1.4,0.1,17.2,1.4,42,1.3,7
AP109,Suwir-suwir,347,0.5,0.9,84.2,0.8,42,4.3,0
CP062,Tahu goreng,115,9.7,8.5,2.5,0.1,229,4.1,7
CP063,Tahu telur,328,12.6,19.9,24.6,0.4,492,4.9,755
CP061,Tahu mentah,80,10.9,4.7,0.8,0.1,223,3.4,2
CP064,Takwa,148,13.8,8.5,4,0,140,8.5,3
BP010,Talas bogor kukus,120,1.5,0.3,28.2,0.7,31,0.7,11
BR025,Talas bogor segar,108,1.4,0.4,25,0.9,47,0.7,10
BR026,Talas pontianak segar,163,2.3,0.5,36.4,0.7,45,1.7,14
BR027,Talas viqueque segar,115,1.8,0.5,25.9,8.6,50,0.9,1
DR149,Taoge kacang kedelai segar,76,9,2.6,6.4,0.7,50,1,5
DR150,Taoge kacang tunggak segar,40,5,0.2,5.8,2.6,57,1,2
DP017,Taoge goreng,88,3.2,2.1,14,0.7,168,5.7,0
DP018,Taoge seduh,28,3,0.8,4,1,52,0.5,18
DR148,Taoge segar,34,3.7,1.2,4.3,1.1,166,0.8,19
AP003,Tapai beras,99,1.7,0.3,22.4,0,4,0,26
AP016,Tapai ketan hitam,166,3.8,1,34.4,0.3,8,1.6,5
AP018,Tapai ketan putih,172,3,0.5,37.5,0.6,6,0.5,1
BP063,Tapai singkong,169,1.4,0.3,40.2,2,21,0.8,0
CP065,Tauco,184,11.4,5.5,22.2,1.9,72,6,1.77
CP066,Tauco cap beruang cake,347,7.4,5.2,67.6,3.2,63,6.2,0
CP067,Tauco cap DAS cake,358,7.5,4.3,70.4,3.1,94,4.5,0
CP068,Tauco cap meong,159,7.4,4.9,21.3,1.6,183,10.1,1.55
CP069,Tauji cap singa,277,9.1,4.7,49.6,1.2,68,3,0
DR151,Tebu terubuk lilin segar,30,4.6,0.4,3,0.8,40,2,699
FP086,Tedong pallu basa masakan,83,10.4,3.4,2.8,0,10,2.6,397
MP016,Teh hijau daun kering,300,28.3,4.8,53.6,9.6,245,18.9,60
MP017,Teh hitam daun kering,293,24.5,2.8,58.8,8.7,327,24.3,50
MP018,Teh melati daun kering,299,24.1,3.5,59,9.7,320,31.6,70
DR153,Tekokak kering,302,8.3,1.7,72.6,21.2,370,22.2,9
DR152,Tekokak segar,34,2,0.1,7.9,4.9,50,2,3
GP092,Tekwan,53,1.9,0.9,9.4,0,9,1,174
HR001,Telur ayam kampung segar,174,10.8,14,1.2,0,68,4.9,190
HR003,Telur ayam ras bagian kuning segar,355,16.3,31.9,0.7,0,147,7.2,111
HR004,Telur ayam ras bagian putih segar,50,10.8,0,0.8,0,6,0.2,164
HR002,Telur ayam ras segar,154,12.4,10.8,0.7,0,86,3,142
HP001,Telur ayam dadar masakan,251,16.3,19.4,1.4,0,62,2.5,0
HR005,Telur bebek alabio segar,187,11.8,14.2,3,0,60,6,115
HR008,Telur bebek tambak segar,187,10.9,12.4,7.9,0,64,5.4,209
HP002,Telur bebek asin mentah,179,13.6,13.3,4.4,0,120,1.8,483
HR006,Telur bebek bagian kuning segar,386,17,35,0.8,0,150,7,106
HR007,Telur bebek bagian putih segar,54,11,0,0.8,0,21,0.1,184
HP003,Telur bebek dadar masakan,301,20,23.7,0,0,71,9.2,0
HR009,Telur burung maleo segar,436,26.5,36.3,0.4,0,154,4.3,77
HR011,Telur burung puyuh segar,116,10.7,7,1.6,0,65,3.5,111
HR010,Telur penyu segar,136,8.6,10.1,2.7,0,66,3.4,478
CP070,Tempe bongkrek,119,4.4,3.5,18.3,0,27,2.6,0
CP071,Tempe gembus P3G,73,5.7,1.3,10.3,4.2,204,1.5,0
CP072,Tempe gembus yogya,76,6.8,0.7,10.6,5.3,76,16.5,0
CP073,Tempe kacang babi,139,12.5,0.8,21.9,1.8,68,2.6,0
CP074,Tempe kecipir kacang belimbing,212,17.5,10,12.9,2.9,186,2.2,0
CP075,Tempe kedelai + jagung,143,12,5.5,11.4,1.9,155,6.8,0
CP076,Tempe kedelai murni goreng,350,24.5,26.6,10.4,4.2,202,4.9,22
CP077,Tempe kedelai murni mentah,201,20.8,8.8,13.5,1.4,155,4,9
CP078,Tempe koro benguk,141,10.2,1.3,23.2,0,42,2.6,0
CP079,Tempe lamtoro,128,10.7,0.5,21.3,7.1,203,0.6,0
CP080,Tempe lamtoro var. gung dengan kulit,146,11.7,2.3,19.6,7.6,128,6.8,0
CP081,Tempe lamtoro var. gung tanpa kulit,131,18,0.8,13,1.3,95,12.4,0
CP082,Tempe pasar,150,14,7.7,9.1,1.4,517,1.5,7
CP083,Tempe pasar goreng,336,20,28,7.8,3.4,156,3,20
NP010,Tempoya,110,1.7,1.3,21.9,2.6,190,2.9,597
BP064,Tepung Arrowroot,355,0.7,0.2,85.2,0.4,8,1.5,2
AP004,Tepung beras mentah,353,7,0.5,80,2.4,5,0.8,5
BP065,Tepung Ganyong,353,0.8,1.7,83.6,0.7,4,3.3,3
BP066,Tepung Gaplek,345,2.4,0.4,83.1,6.7,18,1.5,6
CP084,Tepung hunkwe pati kacang ijo,364,4.5,1,83.5,16.1,50,1,15
AP013,Tepung jagung putih,355,9.2,3.9,73.7,7.2,10,2.4,11
CP085,Tepung Jalejo,388,19,7.5,61.2,5.8,101,2,3
CP086,Tepung kacang kedelai,347,35.9,20.6,29.9,5.8,195,8.4,52
BP067,Tepung kentang kering,347,0.3,0.1,85.6,0.4,20,0.5,51
BP068,Tepung Mocaf,350,1.2,0.6,85,6,60,15.8,8
EP014,Tepung Pisang,338,2.9,0.4,80.6,5.3,23,4,18
BP069,Tepung Sente,326,4,0.4,76.7,8.5,41,3.5,14
BP070,Tepung singkong Tapioka,363,1.1,0.5,88.2,0.9,84,1,1
EP015,Tepung Sukun,353,2.9,0.5,84.4,3.7,100,4.6,9
BP071,Tepung Tales Beneng,332,5.7,0.6,76.1,12.2,59,10.7,7
AP025,Tepung terigu,333,9,1,77.2,0.3,22,6.3,2
BP072,Tepung Ubi Ungu,354,2.8,0.6,84.4,12.9,89,3.9,42
NP011,Terasi,155,22.3,2.9,9.9,2.7,3.81,78.5,1.66
NP012,Terasi dobo,191,33.1,3.6,6.6,1.6,2.25,22.9,650
NP013,Terasi merah,174,30,3.5,5.6,2.2,100,3.1,7.85
GP093,Teri balado masakan,365,23.7,22.3,17.5,0,869,4,0
GP050,Teripang dendeng mentah,462,39.1,32.4,3.5,0,499,96.4,315
DR155,Terong asam segar,37,2,0.4,6.3,3.2,13,1.5,3
DR158,Terong hintalo segar,45,1.9,0.8,7.5,5.1,19,1,167
DR154,Terong segar,28,1.1,0.2,5.5,2.1,15,0.4,9
DR156,Terung belanda segar,52,2.1,1.1,8.6,1.4,16,1.1,0
DR157,Terung bengkulu segar,52,1.1,0.4,11.2,3.2,19,1.1,14
DR159,Terung panjang,25,2.1,0.1,5.3,0.5,38,0.7,9
DP019,Terung panjang kukus,23,1.8,0.1,4.9,0.4,40,0.5,9
FP087,Tikus rica masakan,257,18.8,18.5,3.8,0,232,6.5,1.72
DP058,Tinira ninahu nggaluku,33,1.2,1.3,4.1,3.1,35,0,161
FP088,Tinoransa masakan,516,17.7,49.5,0,0,698,3.5,1.31
AP110,Tipa-tipa,355,6.2,1.2,79.8,1.3,17,1.6,0
BP073,Tiwul,353,2.4,1.1,83.4,6.5,55,4.7,5
BP074,Tiwul Instan,395,3.2,8.5,76.5,4.2,81,5.8,377
DR161,Tomat merah segar,24,1.3,0.5,4.7,0,8,0.6,10
DR162,Tomat muda segar,24,2,0.7,3.3,1.8,5,0.5,10
DR160,Tomat air sari segar,20,1,0.2,3.5,0.4,7,0.4,10
GP094,Tumis bandeng,189,11.3,15.7,0.6,0,56,0.4,314
DP059,Tumis bayam bersantan,48,1.4,4.2,2.6,0.5,129,0.8,0
GP095,Tumis keumamah,300,14.5,20,15.5,4.5,0,0,0
BP075,Ubi Cilembu,186,1.9,0.2,44.3,3.4,37,0.6,62
BR029,Ubi jalar manis segar,83,1.5,0.2,18.8,0.6,27,2.1,52
BR030,Ubi jalar merah segar,151,1.6,0.3,35.4,0.7,29,0.7,92
BR031,Ubi jalar putih segar,88,0.4,0.4,20.6,4,30,0.5,2
BR032,Ubi jalar tinta kemayung,108,0.5,0.4,25.6,4.2,30,0.5,1
BP012,Ubi jalar tinta kemayung kukus,165,0.9,0.2,39.8,1.1,20,0.8,1
BP011,Ubi jalar kuning kukus,100,0.7,0.3,23.8,1,44,0.4,3
BR028,Ubi jalar kuning segar,119,0.5,0.4,25.1,4.2,30,0.4,3
DR163,Uceng bunga melinjo segar,82,5.8,1.3,11.7,4.8,70,2.4,0
GR083,Udang galah segar,81,16.5,0.3,3,0,87,0.7,95
GP051,Udang kering mentah,278,62.6,4.1,2.2,0,760,5.2,540
GP052,Udang papay mentah,273,47.8,3.8,12.5,0,1.11,2.4,651
GR082,Udang besar segar,56,11.4,0.6,1.2,0,30,0.3,190
GR084,Udang segar,91,21,0.2,0.1,0,136,8,178
FR034,Ulat sagu segar,241,5.8,21.6,5.8,2.8,20,0.5,210
FP020,Ulat sagu panggang,380,11.9,30.3,14.9,4.8,30,1.5,260
BP076,Uli batatas,150,1.1,4,27.4,0,0,0.1,6
BR033,Umbi Uwi segar,120,2.8,0.5,82.3,2.6,9,1.3,412
DR164,Umbut kelapa segar,39,2,0.2,7.2,2.5,57,0,4
DR165,Umbut rotan,34,2.4,0.3,5.5,2.2,89,1.3,8
ER111,Vigus segar,44,2.4,0.1,8.3,0,30,0.3,2
AP111,Wajit camilan,303,6.3,2.7,63.3,6.9,61,5.5,0
DP060,Waluh balamak,45,0.8,0.9,8.1,7.9,25,0.5,61
ER112,Wani segar,74,0.8,0.3,17.1,3.1,66,1.2,0
AP112,Widaran,424,1.3,10.7,80.7,0.2,49,2.5,0
CR052,Wijen mentah,568,19.3,51.1,18.1,3.6,1.13,9.5,18
AP113,Wingko babat,355,3.2,15.1,51.4,2.4,47,1.1,0
DP061,Woku ubi,143,3.1,7.8,15,7,195,2.8,353
DP021,Wortel kukus,37,1,0.6,8.3,1.1,44,0.6,43
DP020,Wortel rebus,28,0.7,0.5,6.3,0.8,46,0.6,41
DR166,Wortel segar,36,1,0.6,7.9,1,45,1,70
AP114,Yangko,254,3,1.1,58.1,0.8,184,2.6,0
JP011,Yoghurt segar,52,3.3,2.5,4,0,120,0.1,40